a1,a2
-3.229572983792586,0.5901746794977873
-3.045461796039886,1.3891512604709213
-2.4092025976555225,1.2905200610401977
-2.523885031407414,1.5675615217385022
-5.39149793532129,-5.8321187778185415
4.415529788448467,-2.5716387278714588
0.7254093536668043,3.4040007630652536
-4.391970521079004,2.183485088598976
1.7166254495142093,1.7737832061536005
-1.0052027235556558,-2.2372198303864477
-0.6062422575476124,2.678757481034273
-2.9279075288063368,-0.2722173468077774
0.07217919925229033,3.190431402744165
-3.0216867684401896,1.1623213480603884
2.9981440787880396,0.4803291935540486
3.1144184269270143,-0.1496569360807351
-2.582982790152563,1.2641718643512114
8.679380584041796,4.3408694121842775
2.538953809977597,1.8741554032741214
-2.0957344695640563,2.2147831695176063
-3.3013744177268713,1.6869746341688023
2.2473759493892205,2.0437325919903753
-0.6396328420873484,-3.8803733335125155
2.305750272109292,-1.6439215748025924
1.25010513919378,2.591128397004126
-5.779110634990749,8.633255996461687
-2.062641534618988,2.888462145865079
-2.0795963576272567,2.555874910321362
0.3135198560604678,4.4127623958915505
-5.754143161993702,-2.2129103803097023
-3.4931432312914805,-2.9745042117506655
1.2734446226833205,-2.802059798399946
-1.512767597438355,-4.473214658695109
-1.2376914141579585,3.157611430735091
1.1732891385392614,3.6054104605503925
2.739365722570349,2.1160647244247306
0.5408650096392986,-6.179663944260665
-2.3739070931802253,2.08872979967865
-4.3835046913937195,0.29799780234042295
2.2807066423620745,3.072750039700215
-3.6096738330972005,-1.162843685998407
3.038720455261272,-0.6909297856970384
2.4869132768790503,-1.369673756389125
-1.244551974397537,2.6384776191969674
1.8145803434387315,1.729983391702207
0.4371234272897428,2.281482079815654
2.492779837530365,2.8000509672615124
-6.768823150977081,7.221618088917303
2.2776200760100798,-1.0581778012765117
-1.6666002061198277,2.6740309604774084
2.748971444148764,0.694865842814734
-3.029525343745595,-0.013154864867157208
-2.77326675749188,-0.7616881478564432
2.245748331370595,1.17443025292514
-3.423390076151527,0.46690160502272193
0.8107949016127286,2.7612434613481547
-4.407213428569117,-0.2092081075160008
2.6532115485063557,2.2316649416313457
-2.400940290363832,2.425955603708958
-1.0355474976819508,3.2230517264762293
-2.9920335243801124,-1.4265274593979402
3.631874425159314,0.7137802587474624
9.988862507004837,-3.406691394940323
-3.345492337960322,1.6326613139630424
-1.2093875682048079,-2.206000594478172
1.805895795440283,2.1846511239756468
0.1497228491516561,3.207133113181598
-1.969684464985953,2.6051459401959174
1.2258748712979808,1.4647404044334194
-1.1111398841051279,-0.7308105178959401
-0.6651837649483521,3.780263755032825
2.669607107649809,1.4497907988740255
2.7676650598318235,2.1007390524628677
2.919363985666342,-1.820292099170558
3.663423571337865,0.8616455922480508
-2.620504994617581,-1.0609312995702116
-2.627456965573017,0.9347757952108756
-2.1579030368416823,1.4717353772994386
1.4916727377659134,1.9186178440037098
-3.9684295180850397,-0.5945057345909411
-4.58179789597817,-2.962503912472409
-2.548980777196529,-1.9950047657289653
-1.5872169174077375,2.5909894316997653
1.1712266980825414,2.2176274862309504
-2.63478608943963,-2.4016602267867815
-0.7541270423696975,2.1430059915753823
2.629843485587638,2.347187295763114
-0.589786397482021,1.9080866178160543
-2.2107531463549086,2.899972834178943
1.4065734668414958,2.626119825687325
3.5779523354899454,0.946692727428555
3.645037014376248,-1.2765946554366805
-1.5354818115921738,2.958612643806539
-0.6905726487547702,-0.2876716429062705
-0.175550868559038,2.585115946259479
-0.08914990207347569,-4.517695734154532
-4.01355383430587,0.15604689240668487
-2.2315997613551564,2.5679719182066223
-1.9058319853000023,1.079551465096823
0.9752444458161231,3.2276233363335884
-3.5663857766378566,0.40062145281356726
-0.657180735313672,1.5942076087399626
1.3606349411186744,-0.9557757374204289
-1.3106984034488438,3.6513027819319617
-3.1254945737187536,-0.44655599518036965
0.42835940599231886,3.4859331591577307
1.2903085857905048,3.428544984020796
-2.6420346231933745,-1.0998276937417777
-2.5957486422896605,-1.7004329015550304
1.2524206122762003,1.2824751104534735
-2.676949937649065,1.642831445428896
-3.2613611522848944,0.9721733246024846
0.71439395690497,2.3027295418207716
1.8720175773480048,2.9848661560497276
-0.7480075179365839,3.8169399520832297
-2.3724600142043006,1.6828547205934454
-3.9122501857416734,1.8378917622779334
-3.819682282384417,-3.5008244987382557
2.3875729512901858,2.0390969847022125
-2.3293246960031744,-0.3170259917306283
-1.8584499847803897,-1.8908020615466214
0.8429810730648791,3.571903146991379
-2.3560001054645965,-4.5023100408285215
2.7438753768965687,0.04108927339416195
-2.0100871646087404,-3.030802518485901
-1.3673862325943222,-1.9121744176895559
-2.6070176884675393,2.004418603286265
2.91501183365903,1.8335335895991365
0.11280242473871724,2.828613745011577
1.1067620884112566,-4.0449827436176955
2.6149552702999537,-1.3849268480261738
-1.976738365483803,2.589205549053949
-1.4514062662429619,3.080547074286255
-0.824040781563212,-1.6357101549474187
0.5089528293527049,-1.6847348597152751
-2.6584277074464318,2.9440085891649694
2.0352963474798,2.2360796303660018
4.0055415517334945,2.8443854624202003
-5.803222285856923,-5.494189147504085
-3.016976883321043,-4.270258065112558
-3.022409885829283,1.7242323384964773
-0.1442787558333976,1.4482444147233955
0.34377199952452714,2.1020186946064077
-1.8216959743332897,1.7717118080668797
-1.3399757038422273,3.372403770241554
1.7793653593774743,2.850902649465875
-3.183643840239184,1.4303521532626544
0.015088330039961023,2.5748463324083244
1.5047057208135055,2.5791496758074315
3.170368710384798,1.5205461846616588
-3.4425635444060374,1.0255636778867405
-1.4430619804945042,-1.9293963729503147
-0.2831751576849701,3.0678186702136094
2.667762262351592,-2.4738696539913447
-1.1149310215494557,3.613556781545567
-5.563233317172512,0.1839863392109578
1.9120783751021806,2.4616222313780405
-2.7050353570755092,-1.228285961620032
0.07392888273240401,2.3007369306090384
0.7292228467281194,-4.374679916377125
-0.2117919814755833,2.919535784445215
-1.605862116145632,3.5123787863009817
-0.9419040817424128,3.3639118569169737
0.027917424496664036,3.1825254660992432
3.406052188574026,4.339101656570894
-2.5667619336886744,-3.85516355554652
-2.394032729770488,-2.2143215442169235
-2.729914566916449,-0.4702041843616334
2.079525377399209,2.4281997148793355
1.6218780510055104,1.9495821955822632
-5.171881519722581,0.8193496308905723
-2.9213245416802986,3.0571463813185846
-2.727464550570518,-1.7619787016910982
-3.582446663714802,-0.44437117852941893
1.4337015480403266,3.018618567505203
-1.8008430588411874,1.9457458874468259
2.577734269465612,-3.027499336950958
2.985584744979459,2.4313770367706278
2.8777493136159285,-2.4411166834915172
-1.7822952655744484,1.7955554588059488
-2.737530915825722,-1.4274478427504387
-3.4515429456926054,-0.8165583954674677
-0.10021497645320422,2.7146538372601436
-0.7904577092717071,3.9081723051263535
3.0123327566078673,6.452319412942525
-0.3664561737601862,3.758592696500279
-0.8124427920065436,-5.790180678506884
1.3146137876127992,2.697357697047379
-0.8466433186218622,-3.5740087099526616
10.338552188099323,2.1962442688370807
-3.26668758914292,-0.137574565943651
-2.5683002778621264,0.4191178285146611
0.5250825670904634,2.4293681499273627
-3.988543572140084,-0.12910133548073338
-1.6945639543564033,1.0976963833388211
-0.9949375870099061,-3.098731926776044
0.8689223629323934,2.5427641681627264
-0.43913928754714304,2.799610547787448
2.7614079641513944,1.386000698780501
-3.498962520089099,-0.03349988296283431
-2.06377654714634,2.1633531287967847
-1.217925573509638,2.513971369242372
-4.066404249108321,9.340572665553864
2.0209440166053834,3.237397879343412
3.129861957051901,0.16480765201206904
-2.9023958244961476,-0.9209636117480413
-2.3763609454846555,0.5395280420277777
-1.1217464107851125,2.5838919068749466
-1.4541923337610128,-2.7109642539078114
1.2354046682293323,3.841183020598219
-1.4323115449266937,2.7592199932973447
-1.7683327563819022,-1.4253722291704185
2.7102169369278837,-1.5054139994741638
0.46236340488657174,2.8486692522716606
-0.5380275936381768,10.103741477329168
1.0660029007588145,2.5490261059178168
2.1177819899530537,3.062007710797904
-1.5127746792368535,0.20427042745872406
-2.7362654818034415,1.7262371682100488
-3.1976992499663637,0.6515314677014632
-3.1941417627966007,0.16314108868832017
-3.2348526698728453,-2.245387266973743
1.7573842305741738,4.6496482716212295
-6.362617297874439,-2.236664209152224
-2.904391067793961,1.5142859955718666
-3.3171065400198376,1.52961804946367
2.383609282907183,2.4440283859508622
-3.3381421849378157,1.302683138369113
-0.22107167959407212,-2.8861005870561667
-2.916231883897129,0.21615943944339971
3.680331331716015,0.015443862154418932
-3.3315610079709077,0.09622324076061575
-5.436233569721985,-0.274517651408113
-1.3117328468703444,-0.48711506160942897
0.3071750389072641,-3.990706647935674
8.989273543989816,11.99231642356037
-3.3895387024487906,-3.3296836751651337
-1.227819171387667,-4.138592655323664
-2.798523637935161,6.17548334689793
-1.4979466249153948,3.0427365904349113
0.6480176527393604,4.509258671307866
0.31413864617354426,2.9151664351047533
2.046727434035693,1.4927095057957827
-0.2003093376928334,3.617178168397049
-2.492026314918651,4.383674880920939
-2.4909569848144715,-3.406260989027192
1.6640294362184043,2.657958742508048
-2.405535067061748,9.95197879426817
-1.1727366901144942,3.291173985001019
-2.566205965610319,1.0394502577216076
-3.0524484754097556,2.4480246132031156
0.061666598530180576,3.2159037909394974
-0.900013407702255,3.6619617636618664
2.891694362166629,1.9537881494458909
-3.5362273086791505,-2.141593634332348
2.6530833132160505,-1.8463640435470345
3.008623825914874,-0.20880539114667035
-0.20044717431189446,3.190229148173106
0.24666171074189444,1.369073473501272
-0.5562328897615051,-3.829437773235498
1.7576706843019971,2.374731588623482
2.694987453818906,6.392254408120066
-2.930103020522345,1.7696890501459481
-3.900895358682096,-1.1018797214090876
0.9835733175127949,2.8989945570036895
12.312416826880549,8.721221257296786
3.6050153320122957,1.3308576469991422
-1.7024368413447917,1.1244009737382903
-0.8247460261003527,2.653742123449336
1.696512080526465,-4.029619321176703
1.2079100502837097,2.5204449697646143
2.2311602952773146,-2.793960445063253
-0.1556409002235997,3.095138130176373
2.851480430220405,1.9184649410140153
2.442668165457226,1.7084259706774856
3.810222363012448,-1.6922218266784108
1.4704329806722949,2.38607609008614
0.7785436222612654,2.8251015854838952
-1.1260909039410372,-2.9174171176458996
-5.347534148567392,1.5022798573391012
2.705644704596059,0.5019763253827045
0.6183320405149271,3.169912506134367
-2.604770582567711,-0.5721703813391106
0.10595176277468529,10.289175891235253
1.6605776904307215,3.2397768814862054
0.539072048624904,3.3358400340035397
0.20795534801426455,2.111383523492139
-2.75249458841312,1.836198570515294
-0.8502003512304728,-5.095431219431407
-0.14372792091263958,3.0416757440368287
0.3299399007229612,2.08167388482294
2.858066968932622,0.24567785955992388
-2.6094674396256368,-4.283943518920227
1.6577893892574966,1.959751659692793
-5.401473658980471,9.000708711014635
1.8337110258693652,2.4054892131713523
1.2711074758704015,1.988033261649242
-3.93944327801366,0.5333511567872768
0.06247596888156615,2.365574251145361
2.691421100045054,2.6322545695881905
-3.1185420167625297,1.6867191936379577
1.8887337309469943,-2.972051607367893
-3.5159031046038587,0.9255343686505983
0.2631223934403572,2.357626759064047
-3.446202592075469,1.7686304042771264
-1.0942946143060908,3.208194754150502
3.4663890183672903,0.19665132253613404
0.19829592243015187,1.6354588161686776
0.8411019353171446,2.013164765116135
-5.524878669496358,-4.344316659903932
1.396018341082633,-0.3008929032814489
-4.797190079777507,1.2024329542256982
0.5537275179000679,0.8594500613227141
4.376716992117721,-0.09981284723597239
-2.2825696347865834,2.2262180753306295
-2.3085611484285904,1.873642824489507
-2.888530873183108,0.19011084924313248
-1.7823200457946733,2.6840102671646013
-7.12505226481698,8.088945380599403
-1.8147285087699807,3.0460936965283603
2.705476560663413,2.130083672162517
1.023811578783147,2.9448295884107956
-3.4858432380072517,-0.10532419278270824
3.3606234879459786,0.17107738834535724
0.7190226807964162,2.2824284891669215
3.0066603918275145,-2.107297029055572
-1.0834657037041766,3.063324290663242
-1.8443133098371591,2.079491162429515
3.4276994889498367,0.2298064542624153
-2.998719532225283,-1.3416481875757964
-2.890949546051462,1.5772842210054456
-2.1941463523156717,2.041183890205814
0.27890760976328083,2.784212046543476
1.609341276600145,1.4823039654821746
-2.8664594800646537,0.6432611691389988
-0.8721672270475447,1.7917718774733764
-2.6457072545049622,-2.936678743534687
1.2829801434495902,2.6776666545869667
-0.890554201569725,-0.6212359729957996
-1.5745601530076578,-0.5941676407937059
-4.614475650300451,2.344902637490063
-3.4942263535775675,-0.816887843526942
-2.6082217395058667,1.9602587875938415
-2.191039864494446,-0.3735803330889453
-3.4889443870999557,0.1125714119641375
0.7436077348607791,3.1736066388598108
2.7275802416145933,-1.7337996274215202
-2.3368441976919447,-1.6822458416780417
-0.35395367839132286,3.5409730047744583
1.8790941472697147,1.1136750627358738
3.521188162515254,2.099628076067295
-4.33522204330016,-0.3390507065566484
-2.776048069726778,1.243176842588556
1.9527938177413613,2.728024338533701
1.4250148205696038,3.5021248265690903
-1.7432124374201952,-1.360637371884419
-5.2424374338690685,-0.004873475043478167
-0.8769846831590482,0.39211146310847955
-0.32632956227002247,3.1316606487411787
3.56697887808007,-1.507955102547491
-2.6717920988886066,0.5259647320864684
-1.8149345074932417,2.5654709781895098
-0.9878616047221935,-4.718123650405082
-3.9553991586087838,9.60802922887921
-1.3253077364142543,4.47198006320692
0.6431632180010103,2.0965973385050605
1.4967892440063033,3.2979779788760104
-3.1187666566225256,1.2454868199236608
-0.6322500584424465,1.9029280830035082
-2.227464257836217,1.8232866591578891
-3.310346537653501,-0.46677192101077625
-3.8094737810259507,0.8363197645116635
-2.305556806903833,2.04023655752545
2.0248223208955727,2.803084765731955
-0.45711464167867416,3.30754172776303
1.4742460865301428,3.0483871194261867
0.36752427187769177,1.935315617969994
-2.3248464617598517,0.9403213805005909
-0.3082541879270238,3.9813622113593174
1.1268794329118699,1.9211538170348854
-2.6273447083319676,2.4494661182925057
-3.1413071327874467,10.837159587189316
-0.7822602909722265,3.687284790271102
-0.9301422321390523,3.665871331798859
5.322955581322722,1.5673237786454146
-2.315218343751532,2.3167785417475764
1.599421023729809,2.8798812753564054
1.1919982027582776,1.9452096835247004
-1.8767417398098598,2.412862166165143
-3.502444045120215,-0.5509192547147553
-2.2460028961716954,2.6688839970419598
2.354505219585738,1.4793261753993205
-0.7991692595085712,2.7237373700582372
-3.3026579015600954,1.1318169999177243
3.031110237242842,-2.868198140773828
-2.322150613872801,1.9764904456398757
3.1644342854362635,1.703328823935573
3.6611057527140476,-0.44195154084508337
-1.8001303943187892,-2.726942535708783
-2.564172905097825,2.525528929768996
-2.4910253929887802,1.4007534208856716
1.0829752466819889,3.030820769328428
0.7156491932675663,3.6936793598756754
3.7525980805025747,2.4118626588785643
2.8661774662750714,-0.04547475495315767
3.979403515763382,0.7464004882865147
2.7970104439877863,0.7803772475684152
0.057107355354088736,1.9597430413287966
-1.383316901745018,4.222491632496459
2.5178529613371263,2.854416830519441
1.5414358100675143,1.0311490660339668
2.5970785216814276,-1.8490096431692002
9.692505179859952,5.995992979229103
1.1953095869226613,3.505431949551605
1.8032323864939122,3.3246775217384945
-3.1108581369435404,-0.15446439580058427
-1.6389680594878238,0.9191237743568295
-2.7226889289433878,-0.5069320632449131
2.8610374932334506,-0.6057608312671602
1.4064763095655728,1.8535274350922748
-3.768708181292102,-1.1903995589115635
-0.6290261007324122,-3.447214518137436
3.0420242933323847,-1.1631019353103198
-2.8758568976171306,0.8292522072636941
-1.7757968733933203,3.3268726463263745
-3.6914376226293992,9.76152309871413
2.1839738555888406,2.6802918415161696
2.379695420027831,5.0381323700706435
1.6751230115897335,3.2902490745986044
1.1431142091516755,2.7805261759309188
0.49334274599149136,3.4386893362200928
-1.9038409703183283,-2.169064582760371
-1.975506465261966,4.302132109336578
-3.0140396458646364,-1.0826180307297066
-2.8058142580295002,-1.8091393129622653
-1.1384144854760014,2.928419213368674
1.2712807778010293,2.6933355619498807
2.4743506349232263,1.6484397076823323
-3.2849941442734814,9.645881342815596
0.8340461742895457,2.879379576235547
2.471853492207239,-1.9802170118960114
-3.820272782194036,-0.22160560465927764
-2.971720232702043,-1.9302129175184166
2.4873123354204782,1.9451107176766989
0.5588543506643769,0.72868198022887
-1.9972286092286942,1.8717534248056849
-1.9645214893053602,-3.256437663732529
-5.343888325152736,0.29190031361263497
-3.1044312498495996,1.045385334234321
-3.176768296000921,2.584744097519723
-4.5391093733019225,-2.3096329157419313
-7.001180978481085,-1.6871023032759922
-2.841881108627945,-2.4338123447538513
-3.4268242018250974,0.23505365341936582
-2.0459610263035155,2.7417289851913984
2.4282520012025692,-1.6055967867048406
-2.369455355987895,1.790531690090884
-2.538771528441542,1.8921901324695436
2.262878053091125,3.3779539463407278
0.10815523193027142,2.3659109801586022
2.901837566177959,-0.6844973746416252
2.545050371910522,2.2683959533954203
-1.5822303092409624,1.7837254552149047
-3.5791448966552326,1.3710200731556885
-0.15398164816396684,6.585095688035853
-1.7109854418962116,1.3789079404243432
-2.9606894697676323,0.2855523929331028
-2.5268314105951255,3.83486025444568
3.296017056663889,-2.2724138483744376
-2.967908464598631,2.697489356660676
-4.632926506638642,0.42664153643234004
-1.7048699273492869,-2.710349778011934
3.055154061735412,1.5835990379733187
-0.45103142651046224,2.1193752960192294
-2.3714702273355615,2.152833954645949
-1.3650045507688489,3.294782094974163
-3.473884122051828,1.089317836804952
-3.5630728281118773,-0.5018281515606665
0.3945685562539685,2.3322963332389026
4.462715341342638,1.3819659795958905
3.3733592560541426,3.9362804553739346
0.30659478407212687,3.977796148176275
3.563689021032015,1.4933086312171946
-2.7645536247790528,-1.0048623499809999
-0.6158479321703632,2.112364358055097
-3.913420661837878,0.41365643040238154
-1.3185385747666905,4.825631054769751
-2.4945654568540654,0.15752875491689777
1.7927574118414509,4.837193731066223
1.0693928061378277,2.666108417408441
-1.3746528163619645,2.4589393832052022
0.09336974147093131,2.9403572200808927
-2.797862431763574,1.4839768740830344
-3.4632554543150293,0.485075173778741
-2.518220538681851,0.904347631728034
-2.22747340702722,1.149562453030851
0.14637595036669873,4.557402248561236
1.2519798051859043,3.0486190309939563
4.239384899340788,9.46271982280324
-1.7740467483704656,-2.513854149047516
-1.1352691009130913,2.9359433887658017
-1.8297054029647313,-2.4107230353073144
-2.119764158518046,-2.5410172589741835
-2.8733157950500012,0.0028240606878687166
-0.6251264638295327,-2.0051150188641276
1.9162872304911254,-3.4505051387568124
4.208451811375799,1.7823163004116749
-1.7566369361040786,-2.190471089040896
-2.3539639700901267,-3.0832388091540532
-1.8137722920843007,2.9143750432956144
-1.3878942843520945,3.8831651207361437
0.9247410273884489,-3.2739419520209605
-2.4912007632544264,0.7912574839515168
0.20497994541243084,-3.937761409511952
-3.004786044282567,-1.6910909055193264
-0.77496224600515,3.3970252985921103
-0.3348060102431852,3.8606278357739625
-2.281367276212926,2.599332016867249
0.8577012234665722,3.2470156441732136
-3.2657779036577934,-1.189165167996485
-4.395312922047037,-5.668714325908332
-4.2227459807586065,-2.624822831780221
4.498659964072766,-2.3612362427050693
0.6965912242365099,3.279243566459689
-0.6213744664830495,3.3237082191716216
-3.4256700026288844,0.8426439778148046
-0.9822040365689217,-0.22325235980185443
-0.6798163864661395,2.984166046549278
-1.89664348681599,-1.6190014951586762
4.129149880375557,-3.534747174708356
0.7093214405666244,4.029978150123329
-1.581147311626872,2.1736724331971655
0.2695050979805233,1.5868195678622508
-2.850989795479415,2.4278639295918887
2.296434597790391,2.336598702711921
2.31494172979761,2.767450658200499
-1.1090474960710484,2.7940864833767214
-1.4289021032788247,3.4693556622742734
1.982081650338782,2.0863340970295914
-2.8802412414728344,2.208470402095701
2.863531443264794,4.206185304619758
-3.4263861401261093,0.5229925892787096
-1.3643861545996983,-1.3473938966321048
0.36362411313381965,3.019925960648018
3.3761376042289273,1.8515744262557308
-4.261332975232449,-0.9015681064781177
-3.5172326594479815,-1.9291952262516245
0.945096022301827,3.479784891260954
3.3130538908057563,-1.7885528528940267
-2.917277609710293,-0.30765647336921165
3.2747509806182675,0.4060710342062412
-1.4952956650451712,2.1607541102225265
-0.3574636752680237,2.6184816361575334
-0.5924176862506535,2.6364417459071814
-1.9144283784649412,-0.4075104112444144
2.4760005474575864,2.577723200637475
-4.357961101072395,-6.42156966947457
-2.73026011046938,1.8301408216786492
-7.9686253206096005,6.846106988546659
0.09757703779924577,0.01190737229598153
-2.9813554230742865,-3.4767238668914193
-0.34106535487489364,-1.1342944323158375
-0.42135023700892066,2.0262168144830333
1.7845309389412283,4.703359393522414
3.0745909088228904,-0.11135522154721561
1.6944018923121524,2.8876472987017943
-2.2481347678937964,-1.0535044097975999
-1.476681584605278,2.0785708256906665
1.2636606550408904,0.2952640971686361
-1.584747946277753,-0.10129721492667623
-0.38209308290289357,-0.8432808063316086
3.8885540499072,1.3477187692955173
1.8605988868117869,0.30799853178905384
-0.2573422923676624,0.6732783927842687
0.18167965075081216,-0.002975941988602676
-0.10310645836571074,-1.4122211477509987
2.8747681648656687,0.6197047439194641
0.03271857026486923,2.2900342055620735
1.255579120724529,0.005265846053164848
1.046179860220165,-2.2692926302639007
0.14912178521361405,-3.8269296294953636
-2.1291047542084534,-5.222667913436495
0.8049540589113546,-0.5906585390695814
-1.403908597355095,-1.6214556108527944
-0.9277141200390285,-0.8838742088324091
-1.4944227644125603,2.217046318699391
2.036478146428753,-0.10822241336788502
2.203159214244529,-0.8272638033325852
-1.7780118849801438,-1.9729172102494985
2.3411969758048445,0.27870724768049654
1.6261549347680173,-1.7234554536260742
1.724675250188383,-0.8518187858657245
0.810695217559627,1.5812555405671262
-0.37937024342116704,-0.3534030498285709
1.918483865972898,3.4970987147702552
-2.1857194845241144,-0.78684534638486
-0.11811960819341712,0.28471198256749175
2.398514710665206,2.554152141575919
0.405562464840012,-0.5554804374218891
-2.044252557229726,-1.362790394249881
-0.24288303991271495,2.677509730109896
0.8643771814858536,-0.5315021945505995
0.9512238311903372,-2.1792917678243975
1.4496560545925339,-0.05767527291611079
-3.052112171111515,-3.6150653757304383
-3.131348049736708,0.8494226320480343
1.7096029829725754,1.5381495604307813
2.275453317887405,-0.8446721938552041
-0.8837714601000388,-3.6690747864534528
-3.4869245326935117,-3.0766250779109163
2.2117968215093655,0.08306884692170634
-2.340318389218486,-1.8811754777984717
-0.5393498324778306,0.34324066906649126
1.2382075712771343,0.7022063438104426
0.9318979337929933,-4.742038744209228
1.411489954460448,-0.6118078241531031
2.5089301865156464,0.7859343278090836
-0.7880428218691208,1.7728411135506397
2.1678267499970296,-2.3371471494443763
-0.1993214018202796,-2.500197230620769
2.876799249238195,9.055065625098614
1.783340808819956,0.22488144641611194
3.497818828674799,-6.0480523900909615
1.0772637841003967,2.782630241356126
-1.121128201902723,-0.8404113383982466
0.48794382056880536,0.22111954309836082
-3.3572064574177927,0.8695224655148337
-0.6459285774354158,-0.9779658259152283
-1.0676461813868638,-4.735512647965653
-0.9507759328328526,1.9363085499552815
0.9473967461637924,-7.2178394305929245
-0.2942897533822561,-1.785185744866423
0.6072264560766726,-3.0186776439294123
0.3915820519457617,2.0619838453628843
2.939150007420776,1.0730046422210384
2.4709051269216027,-0.1660392882736483
3.3975249352833115,1.8143291945413627
0.7661568299728778,-0.9398709085398002
-2.5643628735770045,0.2590649115255128
0.8693795782386858,-2.60830611240674
-0.11986706260891089,2.161829388786817
-2.3092047853388875,0.33085177002264504
0.16127305723680885,-4.447893164297777
0.5060979833772374,-1.6007062746946756
-0.4846877281144686,-0.8005516430252819
-2.4544440156745564,1.1716985684910517
-1.265504812090061,1.0831652376774488
-2.983403152977635,4.945738981371389
-2.78092279400943,0.32957279441703236
0.6966198343706819,1.7957526288271735
1.3639923735247739,-0.7392425320668812
-1.3000155407143985,-2.6712402732277893
-1.1020499405640518,0.262463764261762
0.025596851595754623,-2.4534794258205466
-0.22141263798238012,2.387342768201405
-3.8185339832619043,-3.7854715001240193
-1.9763626884399879,0.5599162907757468
0.946421106629547,1.8899811662089978
-0.7839359803407346,-3.7241336710263577
-0.4770993319380447,-4.111419509247607
-0.22535505362956432,2.404472919375738
2.793931769335357,0.38022237366236356
-0.9732033793742012,2.0585048170708498
-1.2413803981627491,-3.4246835672466336
-0.5855331973645604,3.2021946737363787
-1.4805995148794264,1.0826534093787545
-1.7820063357616118,-1.5241335905863884
-1.6370783063106373,2.909517452873575
1.6895006688346113,-3.245514871388468
-0.7266238555609372,-2.537686331763677
-0.5098962843717751,2.1826273260089444
-2.296084493025828,-0.552489047405982
1.3949962982647133,-1.3708388243523966
0.6442977715317891,-1.3593123186049754
3.5674220482515953,0.4905045878803245
2.38239017631958,-0.6157439203070061
-1.4601061386571,2.6034919173772093
0.43158163358471197,-1.9628325554055794
-0.9893318257022752,0.07344340413347568
0.8116846613712954,-3.832018367075663
-2.5871588903685283,-0.9959550912774744
-1.1867953467729961,-4.075265150307311
1.788175148632659,2.9627197083038124
0.1269960771762208,2.8651419361040658
-0.0750969914519546,4.094987434371436
0.7759666701711069,-3.6906257221959464
-0.6779484411278025,1.0287025168869874
2.003081944904652,0.995607240463377
0.7828838541916334,1.6192286032082266
2.769939848919852,1.0910441499720243
0.5204414058379339,-0.5071128240317703
1.0905904892577276,-1.3285228959343107
-1.0616079422341884,0.02559639617702225
-0.08976819332600194,-2.8021944130788996
2.0928039885992353,-2.2773428155205977
0.06185937960941902,-0.3788405122585266
0.011221354308130062,1.2436134333874744
-0.9500829083806861,0.8969674256483217
-0.4543547514256676,1.7187949042867874
1.2512665428875456,-1.857279401829058
-3.394428327301664,-0.42743435545680974
3.433690484538663,0.3098207115562691
1.5985812114920603,0.5867583994767395
1.8193461724443838,0.19004856461575526
-0.3387031811928582,1.6672741187987212
0.026570845145366274,-3.702472541674509
-1.0236659838227167,-1.8691621195814412
2.0919128991559,0.3157006398281807
2.7195960526583365,1.751178167018793
-0.9925443344775954,0.601743564121522
-0.16924920640416044,-2.9181877018204125
-1.0542404696989585,-0.528658802146959
0.6238916904985156,0.03029630406966038
1.5548545622037608,0.37629134420544824
0.5438420633205763,-0.3668800763057076
-1.9263062947755967,0.6555346781720496
-0.5004329542575765,-1.9963855178680197
1.3480144316449538,1.417354005134252
1.623077878473088,-1.687490250723336
-2.243032106946921,0.11192115522364943
-1.7779156501838467,0.03537641966519979
2.093689212971585,-0.6071940620617167
0.9268062481020533,-1.6771406501578818
10.31081547450388,-1.7204395583860506
1.6660334604006708,-0.08351628195070049
-2.150399285458336,1.4162366503690915
-0.5082824723985211,-3.676107127298274
0.5947363716065094,-0.24986692470505126
0.8291889476616697,-1.3066748555102632
-2.2164813375307033,0.5405529441722032
1.1125228663602573,-0.7371053486954171
0.14063348491216837,-0.4824047662972397
1.0432744486961014,-1.1281832229327278
0.781898570847845,-2.5307815655203805
0.9083426926523372,-0.690071605543948
-5.357383241461042,7.716155068574006
2.5089639824166787,0.8889679663033537
-0.36520685011560317,-1.5606383201837903
-2.6615239820399657,1.6511792192773502
-1.6176465089901804,-0.43013952601862737
-3.1704457314860583,-1.3757006800643967
0.6222774363257167,-2.5246791990985633
-1.4372243572436247,-2.0806382955107523
0.9430273509235547,-2.098453583796615
1.9545686856852262,-0.3710046264707619
-2.484968922589448,1.8626199814038535
-1.962816057084967,-0.31469943597192007
-2.4390626087376304,-0.23528028011164367
-1.6007223085752704,-4.1026970815799135
2.0284675072341476,1.8807196329089242
-1.894829100339866,-0.5546358145211961
-0.25569154074883205,-0.9558586158832854
1.201605613778088,0.47766637676773877
2.039612066160505,-2.3667191420884452
-1.6244231042428987,-0.3107884900758498
0.08711069510118755,-0.31729540349586977
0.26916868840628266,0.6260447263348463
1.287965620915364,-0.6182852138381287
-0.19586037861422229,-2.839924368849739
-1.5179357487409446,1.7678300111614829
0.6309260945345768,-1.515280630115011
-1.6984779711144977,-2.1904997884901025
1.686518659281542,3.749923160861089
0.2095184290480001,-0.3462595909233299
-1.7647579754079743,-3.100704512457846
2.319359876207915,1.1020884317995594
-0.21549409223163793,-3.5212498484590844
-2.500726410061037,2.4796389601222746
0.37150689632362516,1.7536205881844933
1.0185022767468332,-2.457172464404839
1.085853977375327,-2.7487127703839445
0.0953079248219687,-2.0927710742048755
-1.5201853664645004,-3.757386580922553
1.5448737722128054,-2.5030772581519103
2.928611090578009,0.8446371893968706
1.0243832260217332,-3.827022857125643
1.5001398421215366,0.3378320698520842
0.2810191668508363,-1.4002009933207846
-1.623460517702268,-0.123876983594363
-1.1503635037653968,1.964590145092989
1.551897582521877,-0.6737493807133859
0.053042724099740174,-0.14327103607567515
-2.102229748128794,-2.768230386459514
0.14897448493661683,-1.0898789563655116
1.6270872741336486,-2.5144281445211996
-1.2359393712405966,-0.9124180543306731
-1.0837650395269436,-2.066302161179726
2.0280872220144577,0.5709742617618271
2.3953845195066226,0.4494187116094712
-2.0826297891840064,-2.609802441271726
2.491090128991327,-0.9154713842036706
0.9613883401257103,0.10964466576265684
0.6982085263807674,-1.1144943892285806
-0.6190185677429427,3.0075401239219524
0.339859303945768,1.620549259273064
-2.001101952791442,-0.1300675612323758
0.6156432914410538,-1.3123300415962311
2.0893050722447084,1.6376820555988783
-0.5768788466259003,0.3888183237120276
0.8909709788281334,0.434730858074775
1.3000163066905304,-2.6585373576853804
-1.2246139266536817,0.12982007465075668
-1.7100813656499052,2.9835317954657223
3.028767588196427,-0.5257765906223155
0.342103003447467,-1.4984814795539119
-1.2877836124426203,-1.6645874242169305
0.8016510957342412,2.1188906996160424
1.6927400008713493,0.5717180247870224
2.8610738860772478,-0.49682142699385917
0.3443524816771198,-0.9816020492596034
1.787341067742263,1.7198076373816351
-1.066554588717701,-0.7190657187587733
2.8694119043189588,-1.9314767446609646
1.3645204501278676,-0.24658456045434413
0.6258391858626566,-1.8803993641144376
1.591948717030718,2.3038256657463765
-5.603252198939994,7.800252524020307
-2.3878836048340175,0.058152042895768696
2.3742907371810418,-3.7358318464052127
-1.3232346622250706,-1.0250436978521182
1.7638773190144892,-3.7208683451719105
0.12060297933686212,-2.005015448564418
-0.09170193650890153,-2.2152104354171063
1.6134398629583808,-1.2594088103359822
2.5805975879607073,-0.1056315646720741
-1.3083998160344854,-3.0112269794975237
-1.3595998563236913,-0.9451599123990291
-5.882037764876966,7.437849815482836
-1.8515305587545494,-0.3049679799194296
1.7018612125335846,-1.6501987979761725
2.6544019586907828,-0.6486638043986855
-3.01415381544571,0.8804618010900098
-0.03455820993638728,-1.0423502585203512
-0.3325100510872759,-0.22507157123314692
0.5004603094833813,-0.7565021420279741
0.2561878874777682,-1.6373295779182258
-0.8348925223255329,1.1498271119506043
-1.087587744311582,-1.67102313983692
0.6302380347958655,-1.1834230635681995
1.2976876011663436,0.42666237256114725
2.0110991641622,-0.4129231520152766
1.7204018489488746,1.4179336644725944
-1.4116815866750942,2.3109812680254835
1.2857361834215129,-3.007400829454822
0.14094940275277373,3.8898383737984514
1.0466799833665248,0.6593262934194833
2.4164812677298553,0.5443341857874788
0.3305811922229342,-2.2927696162860833
-2.699573335451774,2.351191490428466
-2.1868505755681054,-0.09320521381416609
-1.154355188230736,-0.9264115152635133
1.8899537868031926,0.6734063170967551
-0.7190540875045284,2.2235044743838857
1.9650729021596764,-0.25322804255757386
-0.8755755043725924,0.40703609088195913
2.1837142433778483,1.7714820905816748
-0.3615524469571077,-2.4993422557223015
-1.9888864288625867,-3.3415980425577754
-1.7054597301518821,-0.9889411056025709
0.3220693828407371,3.1892237868975104
1.9456972852589478,-2.1202437855974674
1.9988577301043693,-1.637793034390389
1.6597113537685895,2.2335514236066176
0.5557008815238146,0.1184323903337133
-0.8792291442404448,-2.4603083140666904
2.2099417332585136,-2.0277795251587287
-4.232663440849648,-0.9271939215494028
2.3899894804844606,-0.5668084015273432
-2.62873905413122,-3.673608652252278
2.876470271749642,-1.076324605738612
-0.31609910573998296,2.4941540097446047
0.1612287253159374,0.6519022623709116
-2.362333406129245,-2.296205814236085
-2.14355956236385,-1.378640890620367
1.414717731446016,-1.8216554488527885
-1.9713685715475124,0.7519040329543649
1.7121730486590363,-0.6175226210718835
1.7309150169631484,-1.2334144492238648
1.3514161230666983,-3.4696651417960944
1.93375049120726,-1.1344212112821808
-2.1765229268973556,0.7762686826224992
3.211016648406598,3.1748539311554302
-0.47912013967951006,-1.8105894421430146
-0.045135831700408524,0.3234621744664303
-2.096980036367256,1.6619166870231654
1.2969620962966797,-2.50187730040684
1.849980858516078,-1.7075945357060407
2.101352009535147,0.10708083619286161
2.183384402886776,0.41196440716199656
1.2250797008416823,2.8168493846176275
-1.7997704754713877,1.2662408920858523
2.371526188555136,-2.19585875496215
1.0448156095878565,0.32980290493744413
0.1399704442307628,-1.5228788478371844
2.244261669790397,-1.0831939840962732
2.2616029803599265,-1.1030558945070363
-3.958921840711624,-0.39335567132485766
-1.93982228988167,0.8873278855619552
1.404987620705253,1.0301424435641726
3.289741497470806,-0.024558754124506033
0.9600217836167406,-2.5155566675102317
-0.22679938215122813,0.38732659339262265
-2.7629230048845024,-2.2102398626776067
-7.903140558015776,5.204621546028582
0.45119373697867915,-2.2462036272856416
-1.0861530603499274,1.4807348440424783
-4.3939786990225,-6.622040690049427
1.4251197766936783,0.0967947249829576
3.017275475345036,0.14643871726218197
-0.34948253934477524,-1.3056550769328952
1.6040490853080822,-2.4726534907812057
-0.9403495078335666,0.03667274909547818
-2.0430392031211024,0.7067946048248074
-0.00828090221760036,2.257885391497893
10.465170597860732,-0.23572044839164213
-0.1883640566600056,0.28352861371098037
-0.12340313090835756,-0.7996732844363474
-4.979083447433935,8.151882621725166
2.546925606212047,-2.4600611478371275
0.33194292399627034,-2.793837081404211
-0.06635731863916908,-2.6103853358581595
-1.3580527673572054,2.0851594501083683
0.6708575036686639,0.47964305748181263
-1.3488350369552253,-2.190200309100806
-3.3993540176226484,-2.9467508183494435
0.5878560091298988,-2.169242905299722
-0.22387303076388754,-1.3115967578421228
-0.2531386407140398,-2.0426370281839965
0.13970514474687845,-0.5418179054669231
-0.521345106440146,2.8366095979078905
-0.3442258903512941,-0.8804707583902945
1.322981104563793,-2.1426542267145483
-1.7905739770938423,-0.9342299987605361
-0.42410378978991736,0.16051651836105435
1.1724700893555875,2.112926019690785
0.9976472329246955,-1.191894434714269
-1.700154669366761,-2.948558511687857
1.2458548890305947,-0.1244687199224003
-2.1166605484943686,-1.7926841664895523
-2.6962855285132363,-4.076588218007219
-2.37825110346811,-2.799363050086958
-0.060353129905358356,-1.5829463991110173
-1.640083539344058,3.2271216500412483
-1.1835809958600942,-0.49620122577859704
-0.08568932714914246,-2.448374272082019
2.4604724470722537,-0.38283960330951494
2.425831227408866,-2.478568580547134
-0.6755521781704066,2.897967183139473
2.4408910016881187,0.21306262623033015
-0.7213046967928223,-1.9353138021947318
-0.05091630535057848,-1.9415746644444434
-1.7520841465068064,-1.6624724872375698
1.1762260960976154,0.4062004503942664
-0.6767801945566496,-0.843642118488398
1.846294314445965,-0.24771125307681613
1.9778640134876673,0.030727636338060766
0.741125786764276,-2.5330533292505613
0.0803532058971386,0.6149074151458059
-5.252623494255584,0.046746351022267936
-0.3131525398497095,-2.34303581374678
1.3596237334941947,2.0775957914390397
2.8518529080656343,0.1937097446500671
2.573558534744987,-0.24443058460236725
1.9349386835850793,-4.453137917300559
-2.146062351579107,-0.5411804566705484
-2.1318228436989797,-4.867631106641339
0.16156162742273622,-0.8660872449250462
1.541325566583686,1.7960250903091517
1.9706115637730393,-2.632140373994065
-0.29195130542000836,-2.405606043705652
-0.1134955558122618,-1.6730582497911974
-2.6282386341995254,0.6018923844293046
0.3056864107010596,-4.754583640362557
1.6167496372566643,1.6017298563347686
-0.49650290511535294,1.49235782480668
-1.550160008205391,-1.3597809949178055
-3.1757207119170348,-2.0395577616927185
2.4123380875253853,1.0144881804260177
1.673364601998568,0.4050045184482596
-1.3824958822498323,1.1695750750788447
0.48173633079184164,1.2762963235474387
-2.183757303145487,-2.7767720211434814
1.1664866487247814,-0.8601816557947299
-0.10137955966651359,-3.8158913778014183
0.16688987019404986,1.224751393423422
-2.8473717330745982,-1.046065816960157
-1.0148520471082074,1.0761611583647124
-0.8304861467843788,-0.08468972853916908
1.2435642280949317,-1.7488017516721028
-0.19841663624769204,-4.87204267036794
-0.4071147886175177,-1.2563157115826393
-2.1418832079574175,0.9229098369812877
-0.19831040118255605,-4.526902357275605
-1.2890448587720194,0.3563526072274474
-2.5254325487239653,-0.753710800802146
0.931521632260312,-0.7322734483572081
2.5505512366430665,1.4076101687691283
0.7721678387597473,0.5849475769017707
1.030495989296629,0.19310357465836683
-4.159814038234186,-2.2259306694636534
2.1535167613957067,3.3060015035325954
-2.663141351218126,0.8900843044214709
2.8724533354574504,-1.3663830748266286
0.9291462430843783,-2.0252311372874865
-0.41916750931230595,2.4035889695152757
-3.3307553849752494,-3.1437261350070496
-2.066657453793922,1.1622845724177813
-0.5893532626129778,-2.5034580587877793
-1.2758466422247774,-1.9218542380298405
-0.4931858443953438,1.0823318577600742
-1.6991087775113296,-1.1819333861838628
-0.030507667620896937,-1.3265916342112196
1.7529489919510082,-0.8089331859344465
-1.5651104446001616,-0.5805497011351213
0.2053230288382218,-4.356511468676853
-1.5299654952644002,0.7132893349562873
-0.6187605203641643,-0.8912191415787825
3.1672255164749448,1.7407858328117847
2.099509789225268,-1.9079634562863663
8.970283394359521,-5.224990024882104
-2.0114353857571325,-0.21600613136156327
0.8831925418711074,1.2270005767324512
0.3865285707859991,0.6736573178478792
-0.666704159545694,-0.13277475315347506
-0.5185734935708688,2.261488292706589
2.4320213472023724,0.3272606781707392
1.5334970253650768,-2.4870804749164996
-2.0454226944834812,-1.1651829783780308
3.22161339581948,-0.28097865622527196
-0.3535157712247601,-2.7331459053036435
-1.8489475710556733,0.637521171451079
-1.8022294497772808,-3.3724960520353107
1.6831408081846373,-1.7354666073913092
-0.6727810296242114,2.435058633821166
0.26964774347936105,-2.725085782538642
-0.40689421363520695,-1.592316863797135
0.6941979343471679,-0.1169449974407874
-1.2021501948461153,-2.7129230799706696
-2.031239782009837,0.7475683512193165
-0.27886270663891544,-0.3090140817154319
-2.5709824615489176,0.5292124425133271
-1.6257806605019869,0.5282169052040027
0.3240171357001262,-2.0148323026300545
0.5193916238653272,-3.3317121395111653
-0.7557751720464092,-1.7827659894229253
2.422914775338268,0.7715050918537816
-0.8826653097802293,-1.6144841326894483
-0.971791300868739,-3.4282063728783396
-3.853250756234321,-1.2201429085686322
-0.45327522813264076,0.4248990518917993
1.7744096464598125,1.0644113795801633
-1.7023097270121452,0.30258307830784564
3.3006405199591478,-0.8195912490894329
-1.0859459178993824,0.12869443557525254
-1.8971668458104065,-0.5264747944337288
-4.966745254255625,-5.865021319743303
0.6642834836619331,-0.743901571210853
-5.07932711745844,0.8636948690558767
0.5294927261281094,-1.0905699388703514
-0.2589889256655368,2.2537925955031377
0.2887061668167501,-2.614064888108471
-2.784554476859538,-0.6397601649601098
-1.7633310087922267,0.9968791996756082
-2.912343027116282,-0.1730157261440834
-3.0256052028078617,-0.5849542507427883
-0.5434681907938967,-3.038140548300918
1.287693412908254,-2.0907360985286165
-1.034806441830795,1.808437619604727
2.6432012577916977,0.8830765368172994
0.8549911609215204,0.18871799148496976
-0.21625453606469777,0.614837907137693
-2.8503817000172678,-2.7323387738024985
-0.9193866201530763,0.8252341407610407
0.04965167866274187,-1.736431231609538
2.2561976132379975,1.021590734706018
0.22316999395253392,-1.228697665476657
-2.048343119331601,0.007946426653726088
0.1597305428409979,-3.561601060242504
1.7753028036916658,0.5401101420045804
0.6929998445333522,2.390375218642507
2.236093993080147,1.3325238563577624
0.022006646560840046,-1.5807704285214326
1.0661051641307209,-0.22683071385568693
0.8876524851763103,-0.9423999323498153
2.2064751524107185,-1.5253323736119675
-0.05800028983197009,1.9075274315106232
1.7751036492225656,-2.0223988501826304
-0.7144234539107865,4.285261785440244
-0.324569929670563,-1.4279147844089763
1.2402790718893284,0.1435849634112587
-2.3412470886331334,-1.0437757012415148
1.504911258525801,2.0211455158363716
-0.33995050993615605,2.3364525973221353
-1.2673731384881448,-3.6170414110050273
-1.632424572520527,1.926461621982662
3.6042815865604276,-0.8088441843088365
-3.1191149051186353,0.48612347147858176
1.3050503766367059,-0.34130065151134786
0.42153456786434784,3.5573898110474502
-3.2855322711273844,-0.8417021520640038
1.1427701023905996,-2.073604039048194
-1.58316197978716,-0.00948542460453604
1.1705878922117121,0.5166399806367172
-2.5921557260429395,1.5995070858005827
-0.8435275813635731,-3.050107460055915
2.393834128162283,-1.3564878769456983
0.01314094252086157,0.5514999158539364
0.684996774137852,0.8569085645959825
0.9423970620938417,0.8237459361283396
-0.19127051960367858,1.0519791864927692
-0.22403111832998202,0.3076734242384196
0.25523421793663054,-4.6523817747872895
-1.543152654014009,0.5909456203223523
-2.0030279014410097,-0.3233419716188866
-1.9056890999017093,-2.024870232196591
0.939117227393119,-0.04015850113847759
-3.189162108005863,-1.896380950226008
2.968931922868164,-4.551559165372925
-2.0862947014491082,1.2583217302584797
2.703784782336234,0.08694054377557654
-0.2022315587876301,-2.7331149692899586
2.5330491354889544,-0.37522337918253484
3.2365473006224317,-5.2295496111915725
0.43654805944416325,-2.551473404040487
0.6886855154715636,-1.602224159201618
-3.1887848672842725,0.025413383045168894
-0.1882384662570988,2.0343229842198447
1.2439306193637567,-0.662926133493288
0.9349169514644643,0.3850903652734218
0.2654434417540267,-1.4327966817568643
1.7446007264288508,1.408185994073116
-1.1126200511327125,-1.337574843716463
-1.7453080321959134,1.611191466766915
-1.728511429272997,0.5622323724288835
1.4552964179167478,1.8314898591903312
0.7311743113456795,-1.9784855944618898
0.5001302734714319,-0.44058776560047397
0.9761215346847214,-4.233789053194964
1.0783818300900736,-3.497617366865157
3.676144739805145,-1.1970789957956443
-1.691187293723389,1.524256444109612
-0.6143039986336956,0.16975383946221412
0.6971376768320293,-1.8943478876089992
0.898560490841617,-2.209841004877639
-1.7856863483586916,0.10219003397362195
-2.940816487699303,-0.8673269448888814
2.322092829410509,2.4529147121083064
2.4589759999418463,0.8609653916860219
-0.10860729468028872,1.3638054404395936
-0.05710877842276966,-1.2501219843779128
-1.4859677109391083,-1.733308333415795
2.2143587781625755,2.1989520945721392
2.2986373000891964,-0.8683101112619305
-0.4450933397961296,1.1603870541647803
-1.5891643653301264,0.5070017898165138
2.5254460618584216,-0.4535901512718005
2.9968607491247155,0.5512660131587365
1.9185360198453747,0.9349603171410404
0.23957021916507495,-2.558247188001866
1.7780243064715193,1.1320720287651491
1.6968087784671688,-1.500359144022383
1.3877495334637986,-0.49632890666686064
-2.741321460484461,0.687641373945545
2.5651067189536194,9.138119363711777
0.9693830422915282,-1.3745890137085477
-0.05554029642885429,1.8077991478387994
1.630542661609177,-2.1172463355065165
-5.624813599019157,-0.4781914913478586
2.7466265267076957,-0.8836494066898157
0.9895165142728056,1.8280787240361271
-2.66421207643665,-0.8236995734111031
1.5255231903534636,-1.240855761320447
1.8436816977324038,1.2817992160487441
0.3587923074521207,-0.7063031487566451
0.6869312439340184,0.1642051227942197
-2.0391374555492146,-0.01466917926470192
0.22145676448099597,2.913258045223359
-2.3605588248286957,0.6679477305702451
-5.7757708185797965,-2.7035370246613484
1.2413280812202696,-1.174594154011815
2.386173201692743,-1.0316986373833188
1.427107704995744,-2.206476744869037
2.4677760592589513,-3.181168335766519
-0.2380017895188707,-1.4920885743242907
-1.5337528880237856,-0.030606407651213426
-2.849061357311236,-3.559824171382983
3.6916864801209286,1.7609377148442014
2.660249809615163,-1.105040976503964
-0.3801106115252613,-1.250285660893128
2.0625274070718316,-1.2692945468283154
2.487509097746149,0.5393577449059255
-0.19925206784651112,1.1669776088937693
-1.2470543620180237,-0.5152720861205955
-2.2687384201953744,-0.08641736782581037
-1.0208468273348101,-1.3885097044700674
2.357812233961994,0.6467396977504768
-1.2040411827348345,1.604247125149151
0.15503120196786827,-1.5759623775200446
2.41035175030605,0.36695264255586507
-2.104494605733633,-0.6134606114715375
-0.20404852503027643,-1.6057481072077462
-2.3108192823247595,1.2018882865028786
1.2075952365572054,-1.7593018062961556
-1.9994482537246347,2.4074968340939407
2.6597794340337875,0.981264102078363
2.307450148461104,-0.5936101479317941
1.2997447469991568,-2.5898322994604603
-2.0035400952653135,-4.17966379432826
-2.524330391048493,0.249787803169055
-1.7183914281211337,-3.4113823205626628
-0.7174041462080025,-1.2433372353961227
-0.14744810161627367,-5.260638525091005
0.6496090188138958,-1.9234867346346742
1.788058763660869,-0.5042063535540313
-1.6567846557883203,2.1654936066869888
-3.8407342797826987,-0.22455675857200283
2.1622889826906224,-0.4275272140798994
-1.2910421653833302,-3.2564082140518917
2.521730160182231,-1.6974534191776038
3.110172971444978,-1.4236541670204572
1.664838754562094,-2.0431000370722745
-1.0841645731749683,-2.0174465169199816
1.0319081244647221,1.025830812822643
0.04648894092763485,-0.6664650371997964
-0.24642910691577646,-2.3051310251983606
-1.0263961265358739,-1.330819310827958
0.6545045857080154,1.1374848607130317
-0.9081362440713057,-0.7445334316950273
-1.109111122501312,0.2946048528377189
1.90669289131643,-1.9048836109265406
2.4710719297527297,-2.096168761309398
0.48491418041636947,-1.8743281002501253
0.5602485664386031,0.08153497756737876
-2.6457142198209573,-0.677611742287006
-1.0886575514550823,0.8660270800289418
-1.6537142597926457,-3.709100391473142
0.8643958519213801,-0.6321827801753864
1.1818272478487604,-0.28934087169029077
0.7077110403247981,-2.3063513921781023
-0.5451450539048207,-2.7868903073755456
-1.0203302323562926,-0.85441441126658
1.90394123006452,1.50992165672961
-2.694235221661945,-0.6972296194390872
1.9094660789371878,-2.519582388603493
0.0031194319119193918,-2.5500769842923297
-2.5345133627376604,0.04377125745980377
-0.45027312131539055,-2.000876329039151
-0.015429733630470501,-3.2717917457958405
-2.076956847246086,-1.7022565865428272
2.308180416978099,3.2538936169142856
-2.157703593276466,-3.2591103706312596
3.0177081853860623,0.0033476057740426573
2.5144013884183147,-2.501406989272466
-0.818722960129263,-0.42561644642268975
1.604887690169649,0.9953866506284069
-0.7637349576922746,1.4033749515105995
-1.8949992988245492,2.218013072011812
0.7916937555607951,1.8362300096236763
-2.3452025476282254,-0.3634551067672476
-1.8074215111614629,0.2021091389809757
-0.8673869455608387,1.2485178953881861
2.745268457679737,0.15826771160959588
2.2949823295241827,1.2625021882814218
-1.030855970477853,-3.572905985079524
1.4476739120807223,-0.14703394180488094
-2.056052036705816,0.19632961372991753
1.3789251151028592,1.9080603507799923
-0.09709239386936434,-0.13252487337362112
-1.2068947622933204,-0.8296992098997638
-0.7376752286591064,-0.5354360961030686
0.5826266994651934,1.4338465152673983
0.26930300150058856,-0.9493061760882827
1.8026819658752247,-2.190098907271255
0.4378855558354133,0.645611357991712
0.6642148190598621,-0.38406208217783205
-1.115610020631831,1.4387453471355287
-0.5370662978837568,-2.167126428682045
0.5589073995755269,0.38038803634303675
0.41064517271853573,0.9711213094217553
-1.2136882661124402,-4.664411469826595
-0.8069537674887622,-2.876675158400545
2.0247073207098385,0.6346294245730971
0.5181564219770342,-4.58846175526454
2.9676117238207906,0.061147068304843226
-3.1419847556312526,1.6404398228289925
0.5962635294903157,0.25279250223308464
2.6235595582225035,-0.8194623157596916
-4.145190481604494,-2.23040773196811
0.24243259873117173,0.9180610219973747
1.7175501148570604,-3.3168693561361953
-0.8859060292710678,2.0883322880824435
0.6208867799543294,-3.6825112823380652
1.1201799578338587,-0.7696638208770429
2.5017888168186935,0.3992602060921676
0.21584659704052103,-2.2661083138148763
-3.22166978566165,2.9377015237684514
1.7636606537095831,-1.7822737071815897
2.5597569778267837,0.6489145410130133
-1.1303652045726342,-1.7730864749363824
-1.0480448699938636,2.4131425270067988
1.015743719806253,-1.55932444389135
0.7614939120045562,-2.3565358770113103
-2.674788235482493,-1.4559952222153607
0.7284986134071225,-1.5470931107169579
2.84043748277327,-0.7748486908458219
2.8549492965291137,-1.1399516655345616
-0.20286512293899397,-3.524522874395447
-0.5214821393815563,2.9964230500802334
-0.9961003557382999,-0.30879856440710757
2.6856037731395825,-0.923441477416916
2.3058885548780457,-0.4534147001245556
-0.5180114031235995,-1.1180277017847489
0.3979184612641139,0.8597418583351093
-0.7339500399564275,-0.8449495835219151
2.1874889315458446,0.2171332519977331
-0.4062718671949679,0.10058407768873558
-0.8599067674253768,1.012791482128498
-0.8477144105521431,1.2375860437224042
-2.0941840882295804,3.2596868514535484
-1.999373638017633,3.0799853565371396
2.0234059833516134,-4.698996300273774
-0.31683247863628816,1.8374468078954524
1.355534279728851,-2.855955684174463
0.9840105686118322,1.9733197416359816
0.5518547937273218,0.9346088359943799
-0.22528606323142467,1.2786120198833646
-3.7374977835213024,-2.0428039448664252
0.6834644953950723,-3.286734436554943
2.6490090026076847,0.6878921638331634
0.6071839278525014,-2.6008129326801948
2.368528728145744,-5.72168085189819
2.4993297985274783,-0.4029364523772323
2.303206535323227,1.606217475256089
1.0936278401418806,-2.6618548363474104
-3.154143094511536,-1.3204326287269954
-3.8096053337567435,-2.7818380055823533
0.46547563146901283,-1.1014020127607522
2.696137464860292,0.34821186133862586
-2.4802291375335592,-1.1720936345229784
1.5530560508965927,0.20719063812030786
1.5170397441664376,-2.6475300054725848
0.49423123796171475,2.664913665973677
-1.869810274425272,3.6822495100167316
-1.2872864307822673,-0.3449290372831385
0.7964838350729122,0.6156691195966862
-0.5513038873778912,-5.237535882896424
-1.3731609313140516,-5.103397576444318
-0.01244010755160734,-2.8903404066139466
0.32323373879659806,-2.5191010006798127
-1.2520959977156056,-1.8462645818478138
-0.44378979402753355,-0.7503453738504317
-1.8222007708098091,2.0751018202990386
0.23429479559797656,-1.6887202716442182
0.32706955777794317,-0.9598026589222178
-1.2045376428775774,1.4484310838892582
1.2997871126709992,0.8006124669786461
-0.8682744635272043,0.5838194200604065
0.9920285758655989,0.16925486139128915
1.671355951692422,1.8384303503280792
-0.11528150547041326,-4.02302044991442
2.8276062379496363,0.7101901777663612
0.9999893158450404,-0.3664191561675221
-1.0519786970068805,0.7382177446292232
2.5985131266613686,0.4253899512954173
-1.985463323701193,-4.329999411946698
0.47107897735297316,0.5052693327622692
-2.240542587524119,1.5946022891743898
-1.2826891496098034,-5.690518025886008
1.5318902680122852,-0.36004848700535347
0.15131612929409785,-0.6482518660254738
2.781886114677149,9.161315707025503
-2.978915692386458,-1.531696841877441
1.6515923472393463,-0.8970610309772858
-1.8945841757426114,-3.5667876689179443
-0.6079665659663402,1.512588735557784
-0.5162806931709062,0.8257646127275341
3.7387632223883935,-1.451020743637665
0.959538100228111,0.7020880346314743
-1.9675398262798733,-1.0869741419851198
-1.3141182310301978,0.5813236573281612
-0.014204759722400257,1.8980047029269351
0.1480040921625503,-0.018407798097304282
-0.5997005912893094,0.62478567963612
2.1211732347107026,-0.8618592368550765
-1.9995240046557552,-1.7776336539231044
1.7828522416370878,-1.0293463082594343
1.9667841604761644,-2.0150464048359584
1.4606427280156322,-3.9510666662437726
2.837732440880636,0.9358025433417381
-0.4623672867344665,-1.1907021603852372
0.26470278207616244,-1.8652020136487921
0.8965614984988352,0.03632459548346727
-1.928466037350451,0.15402730718974075
-0.06670146434129041,-2.1065388135661354
0.3697072859801956,0.7652961545130551
-3.892574833560943,-2.4876850397005006
-0.3189255277858887,1.0590774043856557
2.7716457124855642,1.195061016405496
2.0485367526214637,0.5779154180640317
2.47262244487508,-1.0601920675054595
0.9737673429519763,-3.1084060424588458
0.3975305599070744,2.5741140620868195
0.2773627843344962,-0.10038855792500544
-1.3879367537988674,-3.245626534571534
2.667210204797023,-0.13130372432875054
-0.6624004399248683,0.8652140106180397
0.9850493255772926,1.141899563334786
-4.909046589933492,-3.313987984108468
2.325807394638565,0.23527401057076758
1.1485590239169585,1.2333086734480867
2.7549150280402204,-2.8824242022111655
0.5161383747248071,2.242178650935506
-0.07851790439962414,-0.08923689265360221
0.26796081050836273,0.8920246448136404
-2.232333318765364,0.49865099820108605
-0.9368808189719057,0.601289024292522
-5.996939482228156,7.609642015432095
-0.8992039565935263,-1.9325488369117434
0.0028298719509421903,-2.380305946010222
1.4306671948653724,1.2090346474255422
2.154070629775175,1.6794031410143657
-0.03830342569634964,-0.04200122824488068
0.448817990816091,-0.4461583428772814
0.2306575536418038,-0.12378199420826891
2.3979586402931257,-1.2909479751487372
1.881549818482845,1.4661000425195985
-1.5651505533646861,-1.0020291956147982
0.919385438641529,0.980870397476225
8.108990533053262,-6.566772922893601
-1.1848059504798223,3.2934773251783516
-1.192496477960051,-0.562566955983626
1.1935086762353284,1.719545343647917
3.005935516717763,-1.6820930789272337
0.9939182388513225,-2.8585660635637384
-1.0136262430216925,-0.9783719354256489
1.5808149685682709,-2.9694745395488154
-0.05905327824969264,2.019966362699356
-0.6070634905881496,-2.6581638807456454
-2.350846422733779,-0.12177112683672767
0.8395221049810558,0.3285788284897068
2.3586135721942365,-2.2708897727490385
0.4750194229700513,1.713101288675176
1.8954491584722515,1.04410157916857
1.3144567947157224,0.38229216221645745
3.209885536958969,0.828412473880182
4.349307601909285,-2.062243781242355
2.8832254793702514,0.3644031136727593
0.3750146394588943,-0.7959476892321277
-2.3935984242954587,1.3087924539266769
0.1556619588469562,1.1973963273127515
-1.3144612082925442,1.0084533191677378
0.05896102224301186,-1.4171373114365844
3.602727543489895,-2.9276676937699153
-0.3226983124864875,-2.8474485080411074
0.10894211314389798,1.6182670537691997
-0.2251334689820389,-0.8483808663478594
3.4366343751782495,0.7974436508105515
-1.5848475624430058,-1.6119460254509668
-0.6379864591034822,3.1604383130380715
1.9264451798409923,1.2477376471100379
-0.5858817246357528,-2.404353355906133
0.5018207094575506,-3.434752360938639
-0.4098553814884095,-0.7782927530774139
-1.0584587730130677,4.0633277282751665
1.8298436752055625,-0.2914234780038146
1.185235375115021,-0.40387309647688
0.7860254385477435,-0.8093855539774436
1.9775529751600638,-0.9871074231193255
0.9656122685780623,-2.6394685466384695
-0.16703265575884996,0.7936547453942288
1.5080677494616275,-2.6940116970359442
0.9039182051130532,1.362368225276812
-0.13483148507468046,0.021137406062210387
1.0605999208747532,-4.521225908667633
0.3271516722824127,1.698678958397543
2.0862187474620786,-2.9408891022174255
1.3713423747662639,-2.096091387471863
-0.2534183270895892,-1.928154451534883
3.5405231807810917,-0.48732642158382405
-2.267315779593884,2.6437152571532136
-0.3435003188940485,2.9507111097312646
0.4187563821256449,0.5208593923127258
-2.5755293474782897,0.19233899670104115
-3.1744718375538166,-0.4960779002795224
-7.3088067846588585,5.947720699430286
-2.565197774980242,-2.042730092225947
1.7689502782205322,0.6761738525957183
0.144558254784744,-0.17294462648526612
1.4796248249243045,-4.859593485826495
1.5841609095425229,-1.843709836874151
1.0477777699949542,1.96129235480754
0.06006139800148124,-1.4895270912754563
-3.2743775047168517,3.778015111337142
2.710931722085263,-2.6307938600011456
2.9041409322444425,-1.2522933613173628
-0.30928625169618074,1.7154999713015568
0.6840179323992732,2.5465125155918074
-2.4327682920522347,0.2906550367268863
1.1367447675984304,-2.21816965030974
1.2777731068121583,1.7018609384142036
-1.4299189359800681,2.628388757006133
-0.27780303485167535,1.0936322902432307
0.600755688169464,-2.58188879750743
1.7921928686030035,-0.6133049328409714
1.2343083442975253,-2.7098263711774755
0.05182324510530799,-2.272174680144064
2.7171205454227367,1.0865414454425006
-0.8001154774688957,-0.25690782641205706
-1.0548192346296381,1.0468415306323593
-0.03695553262833502,0.33199446440812796
-0.48252035161497614,1.6005144473240644
0.524658841774648,-2.4029798176908623
-1.4688327191785178,0.3254016224957265
-1.383030632118452,1.5517518263532446
-0.5130807262035499,1.2122089382452925
-0.19578159488195973,3.4597813998309115
-3.8239069760797437,1.5541080829151932
0.7472712885290941,1.3645208246313167
-3.1305782595510867,0.8552697597103307
3.284831771972241,-0.48805463082019024
-7.515972754823115,-1.7382352290046883
-2.331901769964418,0.8472055416740384
0.9691935098986851,-0.17055030301491536
-0.1371649166010179,-2.1588229027556154
-0.6128573595286371,-1.0602033248910288
1.280388643753549,1.7745523992658878
-2.6596449351168623,-0.34288068891071144
3.0212027704936317,-0.040897138968015424
-2.5948581338961176,0.5858857579706707
-0.4106753023051444,-0.2604852155911687
1.3367650241307194,-0.07995954423759992
-2.3651678137097374,-0.25752736384823305
-1.3138637764463659,0.27488803769119075
1.9727249158650098,0.7083001979102972
0.5511173581882114,-2.798367670278126
3.4051258472834145,0.5357628423731179
0.07156257513900698,-1.6750525508633074
-1.3360008506643106,-2.4002354300601088
1.2391515589835482,-1.539851196612509
-1.1831586333449406,1.2534647935984986
0.3868001021284447,-0.3245363746175315
-3.8168768311246057,8.811046042904401
-2.385954590062541,-1.4280287103917975
-2.0432387147618116,0.29346745644798816
-3.1534716444246285,-0.3490304286672063
3.0782766942880304,1.1190723015465625
-0.2653649153877982,0.34528885925031744
-0.9368205626961559,-2.5390770772748366
-0.4567489614992345,-0.6463179472898319
1.0736843607819453,-2.2436547754523133
0.05208461865357915,-1.9659575894447805
-2.7898960573606697,0.5035204115494639
2.9446575306092306,0.2552845341901316
1.929675541946452,-0.1409624087790714
0.4182184090714046,-5.063364983830209
-0.4458885339648259,-3.4409280644260107
1.6225521271288235,-1.003822513508524
-2.54551655330089,-2.084026460198811
2.1910457201379163,-1.586437217709587
-1.7532403339681846,0.77125329344191
5.974783090156881,-8.724224125616836
2.5219440834133717,-0.5919351179610601
0.6318366799757592,-2.936960156836409
3.561789600616974,0.8152104334663396
0.4625939137620655,1.4313551215170728
0.12841808738533114,0.5164374922437382
-3.8026899328662855,-0.886535018413866
-3.559534021890617,0.3135067712456945
0.7443032805498281,0.7194862723834049
-1.8508787152132644,-1.463369811449379
-2.9390411921351025,-0.4748357927804602
1.3908763088646459,0.39908345323883415
0.8989985158123686,2.155636766433388
-1.4943404126804702,0.38818710742581825
0.4769153350264206,3.222315221048006
-1.8657657737048308,-4.792797076865025
0.7296623910856457,-2.127944592295261
0.3775760985528566,-1.450109284604743
1.3792976306888727,-1.8477385711985062
3.528936913738984,0.6037900661713128
-2.727161069665031,-1.4141527491551986
-3.147737750186701,-2.3893809096287155
-0.5684365453420445,-2.896010495135248
-0.49166342114599365,-1.8602739942274902
3.77272169969151,0.29862705551778146
2.9177884797939355,-1.3888282782778802
2.1277353039826448,0.7467476950781593
2.65377119164389,-2.1524741606912667
-0.727615877171811,-3.965890023496953
-2.7403368242892863,-4.692923971785438
0.5496561258101386,1.8316435407813696
3.056839150381933,-0.5712724905014221
2.54365967339252,-1.1204549769437357
-0.6521630679888325,-1.2072501909100362
-1.6738133438777725,-0.09411530584103268
1.657724091877655,2.167530236381697
1.3299368642500782,-2.3053152144785796
-2.549538711827436,-0.2143081364496957
-0.639689423655559,-1.6889261947332928
0.4322890137933693,0.378793884801646
-1.2557774963250663,-1.4173739972431771
1.0725609886952805,-1.843979160262301
-0.22921560501487193,1.6176653802958076
-0.16990815617668598,0.12523761741103562
-2.2069828466864134,-0.6780568639043545
0.061656030776364314,1.776078469236359
1.7181990552893063,0.6766989136225009
1.3243606107117352,0.22008638491403765
2.1791068197557495,-0.33894773487431684
-0.13909486691196105,0.5764614984996086
2.291501125089942,1.458271464560553
-2.3433695009564026,1.4283329293951539
1.9283371732897587,1.683149835922615
-0.8540189232255242,0.24181879209727622
-1.0721673343314486,-1.5210489444717923
8.307599749107306,-6.392059173750404
-1.7065056458503138,4.090346286800216
-1.8607247512891587,-1.5690704105527444
1.3869424911710395,-2.276729435329657
-1.5342171670778244,-2.794432267594633
-1.416790077806512,-2.249083551344728
-1.149990094143258,-2.493516831911065
0.5697419400334147,0.8101971450546624
0.9610568747022652,-4.145158069459489
-0.7955777458535536,-2.1291577720061947
-0.36623026164918915,-3.6167030361163968
-3.9672983886151907,-3.2404126522362855
-0.41958762337732863,-2.2981342756375023
-1.3598750641801585,-0.7192121281378722
2.202773453359477,-0.5341118997793316
1.1343241069976282,1.4168517272885197
-1.0625019643462181,2.1564997860572825
-0.20726371150741818,-0.36160598887990264
-0.46399959601724605,-1.9598622934503291
0.28859234545013024,-1.9953609055786463
2.4211776222846577,1.2568658740325855
-0.29324004111014146,0.6255945051667104
-0.04146031990703879,1.9209002622599927
3.402573100702264,1.503214027108763
-0.06487967491596854,1.5160154064502958
-0.5406276909387445,-1.7712064174363422
0.5525407582396578,1.818528461816531
4.57831431560815,-1.3317204865278658
1.5867484372184901,1.399861832577862
-1.216885010663706,1.7062029969964883
4.005646232342587,0.6206497693013502
1.3192604317552907,-1.519703217513112
2.2848664100368636,0.8836851241981429
0.5998223451272711,-0.8470859985668646
1.056832156525799,-1.504090233212158
-0.6467193808070866,2.5271175660058
-2.48383341414776,-7.532462059878903
-0.39052912763406833,-3.2366615907689233
0.28296265520572617,-1.239507435804859
0.41306727893295003,-3.1821055137607357
-2.285811264829207,-2.2171920680522286
0.6714540173452451,-3.1004456634705515
-2.7350940513638684,-2.4986827984576365
-1.5755034004691217,0.3912951241772182
-1.406279861992705,-0.16163815541116403
-0.7008372690968313,2.315190575009689
0.5043255935523911,0.8748831594765707
2.039340444427799,0.8752959287396962
-1.4443592034007124,3.1968530939432567
0.4111551632812235,0.49546682737356
-1.7363214072052204,-3.9234314167678757
-1.0746039641862888,0.4132417812410136
-0.8455971828606046,-1.0759624705540602
-0.5493319280309935,1.0464878980154277
-2.4431945155730257,-0.8759180365192005
-4.012945626904684,-1.0064181549360767
3.216624156234634,0.8870139901284522
1.0729000798160235,-4.2272747749247745
-1.3834037053964898,-1.8077307987599351
1.0532617287926043,-2.046843051494736
-0.20593049839123972,0.8948832240972592
-1.1874894304045343,2.2541938585231596
0.15792018003339492,2.8185385099332776
-2.2137110762608185,0.3269155885711663
-1.2850166547791482,-2.3936179348988054
0.9649165767217263,-0.8524004364117094
1.5539738675256898,-1.6704453271958408
0.33818291558880964,-0.08978464391111254
0.6540444997282695,-2.6164593708150115
-0.7570024761758921,-0.6003573771600575
-0.7497770621197436,-0.2221140073003916
-1.036938639805316,-7.739447924759613
3.1623327273719566,2.9672158186281052
-1.7562734203501902,-3.612023366509926
0.41595317631905687,2.5723882209444926
-4.3852709256306595,-1.9270097525987129
-1.731037939693956,-0.23824824256439991
2.254861531528937,1.2454789618744773
1.12788840704634,0.02662735254301581
-0.7470292311542003,-1.9894599666040167
2.125737249018005,-0.6717183530401832
0.8588734946608252,-0.6939795583236495
-1.189644198118424,0.4249137963767858
1.0483177802482158,-3.3512359174641717
2.747585890336042,-0.07314224334433377
1.2749434973443492,0.37959782339770215
3.422556684394036,1.1306389867022408
2.7451762645820947,-0.27762759078008553
0.6454669233606495,-0.322212515112245
-3.6402791572272517,-3.808244238606792
0.4560244951923937,-0.2642583763226352
-3.8161427447797833,-5.4839030291206665
-0.7169696891685151,-3.3372785243056207
-0.7218836479140605,2.283480134464516
-2.1660482037507007,-1.3729068091873677
-3.051889507963971,-0.8477322925142377
-0.4163028694246353,1.696985811330638
0.6291311956684927,-0.058835974739116385
2.597405583216843,-5.019851842101164
0.919064338907431,-1.148791171124422
-1.7915310003083746,2.506289804311639
-1.2863537568653243,1.3450305354322514
-2.236393194898618,1.2286555206591365
-2.431074996614705,0.8967392096887475
0.26012683635670714,-2.4218585188242914
-0.661268883534734,2.1233915074647554
0.797219829524235,-2.6808121556355022
-0.6426462645482106,-2.2283289030580686
-0.7418386681333159,-0.42557252346560315
-0.8990383901638723,2.4780847170943217
1.5059364106221986,1.0792455475612313
2.163251361399212,1.7004545817127594
-1.3121926052622181,-1.2745383886253332
-4.228430357082867,-0.9796117414700677
2.3622098714980844,-0.41268172587674584
2.2622877731405535,-0.30220745767383606
0.03975577645604347,0.46004261843460903
3.0968986676839694,-1.6352997106187364
0.11450029026788981,-5.046337406184698
-1.7869207996886616,-1.075015348449035
-7.216783923868959,6.061129335292088
-0.25631254537880466,-0.2327118484341393
-0.843691511353103,-2.0337980113217
-0.7921335744751143,-0.6544888583038239
0.5700701559694313,1.284509605444687
-1.2299266090914631,-1.525397925196359
0.5831912926212268,-1.3513891384578498
-0.5492814635970737,0.4937711006423473
0.45151823527995166,-3.1770338622427285
2.5377024453251145,1.2524201631242744
-1.2762449256576596,0.7424994953292412
2.3574736845891517,1.2817630001189881
2.6504304788930093,0.5958408842816154
0.24826181638448586,-1.751268290925082
-0.875360182824088,2.560101941130826
-0.3587971010375003,1.4877261765899963
-1.9008996979531563,-1.770018917638962
3.181951084803973,1.2812500816667884
-2.239671053995783,-0.5959614410079679
3.434356742419293,-0.9497315762807411
-0.9087749738069525,2.220991834113935
0.9112847557180274,-1.8711145401467786
1.5665022589944884,-3.5576813464071115
0.030977671619279827,0.6080855426160622
2.3192057343398553,-2.3600004756673294
2.010603932723347,1.1990901228481163
-1.3906295162199291,2.4385990234790524
-0.15126762222131432,2.610233643149428
-0.08567517934467243,1.6921575930851525
0.9706045934750439,1.7933299270003016
1.8382576143670621,-2.586813589197963
-2.0674187637661854,-1.3389711641280861
-0.9436326917865563,0.5254565173209113
0.13201589880516157,-2.2564602257367707
1.3341981674473358,-0.919029976744152
-7.173224798012452,-4.293661631713511
1.2425371000761414,-0.5783381104467501
1.5348411710872456,-1.164703056386614
-1.21653941178578,0.8844651773093193
2.1589979898097114,1.2676582257064628
1.628240217297735,-1.4535712304655808
-1.9692296984413513,-0.5766955073744972
1.6454286292217895,-1.3546348930305971
-3.247769819534154,-0.6373381642766256
0.7365331622485265,1.708158075093371
-1.5305985823623784,-0.7652798728608587
-0.5108126279378179,0.02683907551556862
0.1551155654495889,0.14782705107701902
3.6267957911172717,0.0003627733861908719
-3.334748386545655,-2.7722944033609767
-0.5388749594899565,-1.2404341725724612
0.8915389717644311,4.056814992468713
-2.9047192910836026,-1.6026155063859575
1.266124738834339,-1.9588558613387836
1.3259447871383525,0.9477138487648734
0.3076079123993019,-2.90615858423223
1.6237425764990785,0.8555226014007635
-1.084408217230929,-0.1248489887583655
-0.7649051722636474,0.34662010149958145
1.9422794650792035,-0.6131672904806134
2.9363113626410065,-1.9671650542304582
0.5799262937241634,-1.510628545744563
-1.8948199605697291,-1.8481429702780312
-0.14849244852640317,1.881300900453554
-2.306338140380469,-2.0706206169758334
2.7473535508787053,0.6649305949179519
-2.190199705399954,-1.8564676348345566
0.016390898735798128,0.33452478357701
-1.2793129831632888,1.7313076804931316
-2.48671996389942,0.053293154534396654
-0.6850182484043527,0.9505760318684179
-0.8985841710945548,-0.7932885213258757
-2.2115942091635383,-1.9256283266296217
-7.673389453500659,5.605595510086566
-1.0175823821951742,-1.0834475962823198
1.1721708273291438,1.6577616947291614
-2.673979922196434,-1.65035080502307
-0.4988285319718341,-0.6262007978915411
-0.5465258539301628,-0.70781424639849
2.0405252675024883,1.932292364464202
2.1831839515277696,2.7603192308123843
-1.8237161670869175,-0.009428788184425068
0.19671710902468173,-0.40107225484474796
-1.4950989272470248,-4.576462116726405
-1.5266821005116986,-4.956846049289937
0.34237562158618823,3.9873069559324663
1.1762930187741294,-3.5151720939496034
1.0941882516594414,1.7746366350404987
1.4175975780888748,-2.4154010079740056
-1.5583882627675474,-1.1076812525721136
-0.3922439125482491,-1.9454603383068538
0.6148341157705448,-1.7070076175857585
0.15774891718288492,-3.3025223957119842
0.5466454802221447,-2.1198089742134307
-0.22736009202537188,-0.8922824998888785
1.5714116595491212,-0.08258251478210236
1.6138187926412026,-1.088773066157335
-0.597680694201532,1.2245959907881594
-0.11204690108712195,1.607356734826269
-1.3199204551230894,-0.32018663701513356
2.061278928339211,-0.3435355598137639
1.371102363740522,2.171779267282837
0.9932998916003961,-0.17949952112395418
-3.8799250121727797,-2.410117211191952
1.3593829758012328,-1.9945188115610908
2.806063618633382,1.6081541110247475
-1.0971525794306458,-0.5843424073440389
-0.4521804644871322,1.0396836387875898
-1.482872543907462,1.2396814019947884
0.8506582273731349,0.00038099005293384204
1.6250901180804365,-2.2582117416848773
-0.9714775453666123,-1.2710342894927384
2.4289243803581866,-0.11354205888359242
3.453704361419511,-0.5222813508350017
-2.390860666722227,0.7884098842261701
0.3412156794487877,-0.047748349058052315
-4.8343502233725815,-1.3053532732947701
2.1218647139405395,1.5414326258187288
1.3094085297484495,0.5545937008963954
-2.363018453929269,-4.174972934237372
-2.03328686610267,1.559926250535734
1.3981207626388255,0.21331526618025332
-2.7641193518654585,0.7495649659098704
-1.868957942718092,1.6203210698892023
-1.3681190295476957,0.5509801198840992
1.2115225240548693,-1.2100047074915266
-0.6968401918399718,-1.5304095792400636
-0.9127448309936728,-1.7714416071831096
-0.8447221081914825,1.433844087708596
2.2772597287831733,2.201637251433637
1.2775250429814393,-2.353409864766443
-0.3191449560404486,-4.0291947396821195
-0.15225481077476047,1.6680901316113597
-0.411985197508616,-0.17851000709891934
0.5735393470701852,2.354468414318063
2.4398128061050612,0.19817785950096636
1.591344299824497,-0.48772396230493736
-0.2583464605865012,-1.2318941886454502
0.24507643259099376,1.1411679179094747
0.21090223379206238,2.6679642676337503
-0.43581027652963,-1.3653118647699576
0.7497024382611527,-2.7482249775079315
-1.9204186636723124,-0.9064265518848809
1.677634195971922,0.8715254693999729
0.1431055594023106,4.149943909436451
-1.5897321793304107,-0.8730427994583901
-1.29239671880063,-1.2094185489480993
-1.761513793500144,1.3195544633951313
1.561304307637202,-0.9430420655308946
0.6792289189292587,0.32363726968381623
3.027480223552684,1.6930084628590054
-1.2993883719314985,1.7721502376935274
0.9967005728563565,-1.5872024070243724
-0.46938023542231183,-4.530642900188459
2.5350507782766467,0.13991865177101429
3.3473162015891766,0.5127386341318675
-1.0727746725304346,2.284924799527296
-3.6880029017313154,-0.07255898659996017
-1.459415060496583,-3.363070138475105
-0.4417155530542466,0.8504551949658469
2.5144764571504563,1.0452307805861747
-1.3331267679922318,-0.9334643956619244
1.8401347301396784,1.501339716956273
3.0366075192002278,0.15080266117889726
0.45031405822070036,-3.725430740672153
-2.99724204987572,1.0566457256512622
1.6628045977398838,1.1598046429417592
2.5171041394614138,1.3829136932345778
-1.684397456409443,-1.7980300216035567
-2.9495866201793723,-0.10649664319528816
-2.3114698465290813,1.2287140782702228
-0.45523915038695534,-2.6760882830029376
-3.071007222262974,-0.8290135580031839
-2.645965783658813,-2.5726150843795743
2.222461012825943,-2.3256884224700483
-3.1337221234310015,-3.3146019192665186
2.051621352386126,-2.63366062059746
2.7215840774370053,0.830518090871295
1.9570537767083243,-1.1379385876968133
-1.9824606494710884,1.403621256441314
-2.620826652448436,0.8313905545791795
-0.48415789761897715,-0.12785384812079836
-0.6915271717215793,3.226726463912593
1.7307598727005067,0.22241984665311512
-2.150589336806116,0.4847977319671976
-3.68218803838363,1.0573529378923971
2.070707161046711,-0.20903160352997077
0.7747169236403156,0.876699214808085
1.493863253583034,-3.309866408759886
2.143853505299055,-2.0496515505344703
3.313832623744289,0.8847080506538184
-1.1305081979955849,-1.2154237898972788
3.1538349343450003,-0.22016575283025427
0.6537468222646309,0.30503940037435323
0.0013712329498744471,-1.0513697750214939
-0.8296405838012294,3.4496093420307625
0.07897343998782261,1.5528601457344475
-1.5247485007448265,1.906271410468306
-1.8609007929510053,-0.167231097575891
0.9961750861413419,1.6605314819348116
0.9263551498564467,2.7077532135702387
0.6604293311321506,-0.555360834218236
0.8707393425224165,-0.407417628313946
-1.286187916737297,1.1349207386758047
0.7549226156818947,0.01851140561697812
0.9675700768371717,-2.2537080077135743
2.061692940366212,0.07196714453681016
-6.731093532544988,7.017834465207312
0.11892719357258369,-3.367581844522048
-0.9538351287143177,-2.6275613910475317
1.8697130395776589,-2.424396642616097
-3.128438123005883,-2.7922202812718115
-0.8763451145019574,2.7237304898147165
-1.5732781118797687,-0.45513255346609793
-0.43311847296920963,-2.817035476267431
-1.5786995891382445,-2.2596541035419917
-0.5930460692219502,1.7069255363057374
1.2396248656337707,-2.7652935143435187
2.0258867720598595,-1.9473013903085823
0.9924906118132348,-0.44665378095200975
0.4704689926375206,1.0506553045664184
-2.1982100945267318,0.825132900142727
2.9547276966563087,-0.9173787101391069
0.21392098258732867,-1.3347637203218337
1.5548634451776346,1.3154838884338043
1.7548513324687987,1.0685566890173464
0.3849012410922349,-0.4377168438386104
2.448903336538049,-0.09237711066342902
1.07767194184746,0.19228596506613518
0.5122140717978143,2.167551640546765
-1.5892808727709444,-0.9719600538797488
1.6006700159461869,0.8021465091644755
-2.3987639265619185,-1.4290844422803064
-1.722032333723909,0.9375473911647277
0.08432809675541085,-1.066178618857041
-1.573920617343277,1.3576242779399377
-0.12984602677773263,-1.0188322396294756
-2.1018597944421673,-0.8997595778674528
-0.7262263930483662,-2.0871246267151773
-0.5494642712694218,-0.13248711201708965
2.3645493535291835,1.4275558018222863
0.20188263565443246,-0.25469403752021424
-4.9081781373682105,-1.388911460768599
2.231104678832577,-2.9682681633511425
1.2457661962978952,-0.49740053362562087
-3.9501227289829353,-0.32173092396553216
-0.848929465577685,-2.0970306824337386
-4.852474503766776,-1.4865502739446779
-3.754384889346851,-4.167930599040571
-1.7120975485304513,-1.1200025354511405
1.176811665465096,0.07987447180211467
0.2236344918002514,3.696434975307654
0.5464194226283271,2.0003951800314663
-1.1891176363375058,2.0134556561088353
-0.059700243985183706,0.790599365412756
-1.6546723562231909,-2.3585100146759395
2.219697969496779,-0.6567895100652613
-1.7133361826306386,-0.7811978226508679
-2.499293930318751,-2.1810265949630665
-2.747859824019877,2.0910307828709107
1.736599631636979,-1.0770977879945398
-0.6390452650691701,-0.9882541988702905
-1.4032917750930993,1.8773092022841502
-0.9460239211502618,1.4029359450796193
0.43196620788157275,1.8292365553058645
0.19710891319755555,1.5915371030947452
2.3913320487566523,1.0167666065964658
5.244123523487625,-2.952017869418708
2.5574937289128865,-0.18267079822887977
-0.3948671803042943,0.3054522302419929
-0.9161350841723852,-1.0879821094779176
0.47212620078244033,1.850418020102508
-1.731421024054599,0.4303562405086737
1.0649719869350074,1.5365698973251214
-1.0796892834208054,1.8768806912757676
-2.123067640828195,-1.203592152202625
-0.7643379273686787,-2.4282551084484356
-1.8425479806201428,0.9248318726797773
-0.39604290878761955,0.018470222681143757
-0.3876980036557529,-0.0750321465532517
1.291876948949321,-1.9595865366728318
-0.06986016034441637,1.6378814205517107
0.21290310875696414,-2.34556464644443
3.667285871080913,3.43810035162232
3.006154322085397,-0.3526011516766474
2.9724509314911374,-0.04448506554405722
1.275719322627399,-1.5472298961797202
1.6749993287275216,-0.25162928424629194
-1.408293088053522,1.795791518565469
2.7837939013439503,-1.5975529172443772
0.9812437140285567,-0.9617130205897918
3.5407725725776187,0.518711981337829
-0.03490714630592256,-5.516407901522402
-0.21051964432067133,-0.6388959024951755
0.6661945159343996,2.9622863389510115
0.406348687758354,-4.268342570592273
-0.6060873371747583,1.0920424840774063
0.43131933769783243,-3.4839202533705667
-2.682075622052451,-0.19815090286169537
0.3926267735675351,4.197450850479117
4.228034910089253,-2.861601103998988
-2.042198075606576,-2.7901127675472526
2.5260390211469144,2.813260661378159
2.42796298128434,-1.462760638547423
-1.683719057749062,-3.4285534011642356
1.2793955515953994,1.0678881431769394
0.024434797998473253,-3.955347831091219
-1.5698274400326253,-2.965697879762612
-0.5709326488262169,0.7997034190927681
-0.7564123996172313,-1.7201663849985458
3.2576972783320675,0.1259894642728292
1.9492552616861774,-1.387009604655702
1.2653019079570433,-3.318079119662328
3.4144430189522024,0.02416581288555898
0.7587359865313503,-0.37695870229680084
2.6338686508993665,-1.107568016684296
0.1726087672614785,2.1815177566714574
-2.327458590331976,-3.415011337065652
-1.3909632227028985,-5.819908633557318
1.5338402666612863,0.9306961917173362
0.595877812063146,-0.7939657617676301
-1.3596623960119556,1.4567367811495506
0.42769544336093707,-2.029621069073616
-0.6681069957437167,0.6440627641680362
-0.7624089800423208,-1.446573282566857
0.6239105141278165,1.2737773426316796
-1.9155445215799387,-1.1305419613256626
-0.2893165916607659,2.697266086532471
0.6457946241895123,-3.7108797315559334
1.3922245610718762,-0.07386232892784639
2.105510301077016,0.7271330318190437
0.18621395192755913,3.452830886173881
-1.1804435156356752,-3.0049469378866447
1.8702070058182982,-1.3651342504028832
-0.5076517653362083,-2.634566411236825
1.6657197034187354,-2.1657378685908677
-1.1409514184885783,-0.01928731074159768
0.09887351179728515,3.1104114905017415
0.8183815897227167,-0.21132651494269464
1.8300505467384947,-2.0945367173332174
-1.8164579775394654,-2.50800604192219
0.9111319767856948,2.7138887290746725
-0.17725886310247452,-0.532155980811346
-2.683708454586662,-3.2951010742240068
0.7854440982912675,0.08295218632627517
0.24886015831767969,-2.9685954989433063
-1.2434619704829406,-0.27396790038159685
-2.6400516323830128,-3.026336048933413
-0.19973600427527688,1.021168737593752
-1.2957695718332305,-0.670749174691454
-1.6205420718228352,-1.4053307433600344
-5.021478347588411,-0.617033527237744
0.18724989031067144,-0.5968710099525207
2.4765961601662165,-0.8828291677781952
-0.6625098683742232,-3.3978256375358336
2.763909423352788,0.5330458242554337
2.2246190262200067,1.1007321133879464
0.8936832426233116,-2.4629931007257904
-3.7917211216121167,-2.1255851600354068
0.33334902690474505,-3.2983953323966255
1.1355275509728529,-1.0013810502268738
-0.34432876383274985,0.5436288478773423
2.1808365618954304,-3.2315699390979757
1.0153572940486026,-2.342373006981931
2.0895677714556427,0.1093901499183432
-2.502827145779081,-0.04223023199846449
0.3821104239801198,0.06791192607765001
-2.456204820336316,3.663494335054535
1.505775980635565,0.7366232270797323
-1.495023920529799,0.6990246508080126
-1.060136315202677,-2.6662209603093556
3.19143739653521,0.9147966821909662
0.8488249453731529,-3.710958303651243
-0.7187638611712454,0.10440129168696659
0.9703146471212483,1.4736955418544666
0.6472567881962389,-0.7814066047297652
2.051887590717156,-2.245865218847849
-1.1475960449072653,-2.3423580565356485
-1.0964921448592237,1.7259468521286536
3.047055363086485,-1.6385379832232447
1.86810852999198,-0.31644763430906014
-1.098417177706974,-0.4508761759013649
2.206103882599921,-1.192490937130361
-2.0584447150379415,3.89923661719533
2.9640283967954026,-0.5302741059318865
-1.6853192205791758,-1.9282494326046724
2.3439273073963895,0.025559517436727006
1.2989526809687857,1.545627216453563
2.5439705646473114,2.1985742432177795
1.3604691191696607,-0.9054370085098074
-0.41727069185345883,1.3341810141314578
-1.2829411416730876,-1.0098629997595547
1.3703630419118362,-1.243349641307635
1.9672305956764944,-1.2968042773117363
1.2887620186179456,-0.1586957409044961
0.1434006575800548,-4.24133219767531
1.9245093494020367,2.039540262703416
-2.034263304921143,-0.7594381918656805
3.2508653015205886,-1.110796847865874
1.0046660157811058,0.7612516224888618
1.6307936043464697,-1.4185748225423331
0.9541803389153277,-1.0289666462583236
-0.9759504096171122,-2.3303991560097312
3.763706516344076,-6.365826453545902
1.167633910962312,-3.3575986933553152
-3.9698202974501395,-4.437352037449154
1.3141977147153832,2.3253841784434863
0.9845878794479153,1.3375460593759647
0.21780536439646062,1.0712037623962885
2.0293873777803397,-2.8322286089525663
-1.037162129470789,1.127193590307472
1.7859896575390102,0.6300245289731534
-2.1204400392484692,-2.2121764024664317
-1.603487979003102,1.0166056961851238
-0.09340495124484884,2.432637545869123
0.6069157235921847,1.028058985519923
-1.1824848152644984,1.3909869469453922
-0.2417294830499603,-1.128807449990239
2.867016494696185,-0.343593160450749
-1.1819343751042246,2.420522920215952
-0.3129153204712979,1.9658891444860171
2.451168015215426,-0.6973081806602648
-0.7844314350052982,2.9278326251809546
-1.5526198743778856,0.3030082043016902
1.5243352954845248,-2.067953744624987
-2.021319106819594,1.3820434752418065
2.2505660569682866,-1.5603526760708206
0.01893023596585905,1.114486929219815
-1.0108204221774815,-2.5308985447040375
2.2626094842802735,-0.697751335381834
0.8254706267737888,0.2814992306483804
-6.9405354621096285,6.955183188676755
2.9783292704918987,-0.8910447701849146
-2.61051025778458,-0.3071922573106859
-0.7468347716553816,1.9552247834165903
2.113735178793844,-2.5941739378872155
2.0793450789864605,1.665173907929821
-0.5621652068512266,-1.5909651162548712
-0.007522856244025507,0.08785511869713224
-2.696079979585606,-2.047980922752316
-3.539319863391475,-1.4634913175186068
0.1799059006234375,-3.382632664709212
0.8809222843329287,-2.5833173659956987
0.27421328244093385,2.428920235153861
1.6652709577125906,-0.7103113614380748
-1.044062923259384,1.479652739989307
-2.666190864442873,0.40254450339208014
-0.04134081347390499,2.8071594137391935
-2.2741169459827324,-0.8815676589657194
-2.152833513656785,-2.9408201624139387
-3.2797114099391544,3.378604777837866
4.53388720715283,2.1841605679736147
9.044295268041749,4.245683035330273
-3.0166442992246476,2.966294093261293
4.410097783148312,-0.9170727258838614
1.5751448384429996,-5.026085821240442
4.51897168863139,-0.2478147735273434
-4.589780603488405,1.64461720854776
3.545017365834647,4.5615650309042
-7.329992543453227,-2.269312296796326
6.463822609210997,3.2047787155442182
2.782381717467404,3.597895049652318
2.652914862207054,-3.6802940956578514
-4.36802027814742,-1.6604136966681469
4.043733915283035,-1.1904320103179924
3.7468674966295534,-2.7399224232154644
2.0626403943706264,4.78006748032119
0.5065779160650257,4.097572185127295
2.0829447970852186,3.811661746436797
4.086624333019105,0.8146657451017474
-6.976418192619299,-8.437238279037148
4.641336280128931,0.034884731798282054
3.227030243296787,2.800693537451728
6.3284397301444715,-8.911099157806243
8.901151339734433,-5.718053353887272
4.321317964015806,-3.207208095213711
0.5402602904505771,16.974773054385548
2.8340395354365002,3.8269174290980517
3.629022604828538,-3.2177074942052735
4.4324301801437045,-1.0644031522383712
4.1430374007993,-0.3150487549343706
-4.450271608710668,-1.0041214082209797
4.065077273119084,-0.7978164618363306
-2.509012125170774,4.740827806047648
2.206429252900905,5.432398029887348
1.9755114659593878,-4.9833541306659335
1.5070978278487794,-4.821243573690934
3.6806465013859335,2.7087275557092303
4.003451069937283,-4.4073319877654855
1.728419608258721,-3.326912816149235
4.317698288039917,-0.8818960228258089
-3.5451750827317356,-1.4258614068703528
3.24496755431792,-3.4133511337279154
-4.598531767558986,1.1716486496269731
4.437079378985594,-1.8545941613622945
4.393631807674773,0.6072216417736294
3.381148438564885,-2.449750223105139
2.9044282704157016,4.108298826728226
3.8860184127150528,-1.1558226120083313
-8.052149978366986,-1.475001448419189
3.0857962538802353,-3.5951341686758544
4.296370603220443,-0.08072329849903101
3.3863419761001716,2.1478434162914946
2.9310542278697693,-2.3893837101320625
0.7560281670366809,7.265139803660178
1.27604848331532,-10.808882630639069
5.669252835816972,4.8038214748770685
2.0763900554823747,-3.684031327357587
-2.13590743364859,11.134820191524776
-0.9395588799828987,4.5506731984555
-1.4070655622537205,5.0647571702441745
3.8464247668681404,-1.6310947374103264
4.457524131577963,0.620739515492723
2.9902803514357217,-3.26871069265229
-2.282025943589259,-5.287613172871977
-4.364022198293325,2.095207365873159
-4.7405007965294725,-0.8632630587788008
1.117013263980172,4.652183368570727
-4.288355279543835,-0.8627502434702289
2.4583889303802082,-2.9593969463125314
4.623697923517771,0.041271975182627325
3.755457492418974,2.538069642006416
-0.3748681299039355,-4.969012559105047
4.674390253766609,0.058776826567695284
4.861377082313203,0.8123644023229555
-3.577492228603707,-1.8398986361227492
-4.7152570747082185,11.022077797468071
5.052171852575862,4.876937963000315
-3.879063384964767,-2.509654928291966
-4.524980370691331,1.3878527259237705
4.358141451218857,2.04933381041772
9.517813259270913,3.1996772604093975
4.871993914843818,0.35409514851421
2.808787269172845,-3.209275576653249
7.130861708752292,1.4878631528250668
4.164645676940106,-0.653020674255809
4.429132849240321,1.5682428513790225
-3.835125048572747,2.2460654271507057
-2.8274563501899705,-10.225618326828272
-0.3333969603373099,4.483618279702878
3.636010304296855,2.374686624359794
4.072885992799863,-2.7381059106003036
11.015324339202905,-0.5061528384736446
3.45259310874014,-2.5204697686379713
-6.58654537534771,2.7279353993848563
-4.824982657702524,-4.771709393715748
-4.62652754143369,-1.791424559720703
-3.86069578995715,-3.143937073685588
3.7449754907709756,-1.890214717770236
-0.4914840798768524,-4.459502395003609
1.7447968851074012,4.84948372947808
2.891452991631671,3.193740663799024
-4.061244249264823,-1.6683660373550964
4.123987327638452,0.15115597942435927
7.691638985182228,-1.1667389318152968
0.10260267588796629,7.404509970636807
1.1190467635581087,5.11535144575251
-2.7197593402339244,3.3872656295134864
1.0331685431234174,-7.262403251044996
-3.632938867738253,-2.9724796597732697
-4.012413341161859,-7.019090261459337
5.770376090892775,-1.048696999976586
1.3013520245117272,4.744243958161543
-4.184240963484805,1.9980655635499167
7.564490389891962,1.2223898905649353
3.9470676459722926,2.5583380491397443
2.3911033665879735,-4.107944292533086
-4.286369466695508,-1.6779124498238318
3.933396596167228,-4.705315156799024
4.732761645467778,-0.7353513547274093
7.34267583675025,-3.527865126473783
3.7112599722490796,-7.860805517239833
-3.995756180446117,1.4127595660859964
3.97838033697112,2.127358066678922
-3.6516832625319435,2.1864493880218907
4.8058901231784805,2.083801704180129
3.8628660099816234,-6.831064636844189
-2.6025590566481425,-6.094009885486923
-5.215155446399856,-0.39729211523693736
1.465353198651316,5.347099823025693
-2.891171449950624,3.2976552836947097
6.339686937895399,3.4958512702583415
-4.987790026377715,-2.0080030203864476
9.621559453015074,-4.480675450056105
2.3757776381909097,6.671898560192609
0.8346849358126458,7.2662877498110525
2.859215273254726,5.090454676204486
